Copyright 1986-2022 Xilinx, Inc. All Rights Reserved. Copyright 2022-2025 Advanced Micro Devices, Inc. All Rights Reserved.
------------------------------------------------------------------------------------------------------------------------------------------------------------------------------------------------------------------------------------
| Tool Version : Vivado v.2025.2 (win64) Build 6299465 Fri Nov 14 19:35:11 GMT 2025
| Date         : Tue Mar 17 00:28:30 2026
| Host         : LAPTOP-2L9T8I38 running 64-bit major release  (build 9200)
| Command      : report_timing_summary -max_paths 10 -routable_nets -report_unconstrained -file top_fpga_timing_summary_routed.rpt -pb top_fpga_timing_summary_routed.pb -rpx top_fpga_timing_summary_routed.rpx -warn_on_violation
| Design       : top_fpga
| Device       : 7a100t-csg324
| Speed File   : -1  PRODUCTION 1.23 2018-06-13
| Design State : Routed
------------------------------------------------------------------------------------------------------------------------------------------------------------------------------------------------------------------------------------

Timing Summary Report

------------------------------------------------------------------------------------------------
| Timer Settings
| --------------
------------------------------------------------------------------------------------------------

  Enable Multi Corner Analysis               :  Yes
  Enable Pessimism Removal                   :  Yes
  Pessimism Removal Resolution               :  Nearest Common Node
  Enable Input Delay Default Clock           :  No
  Enable Preset / Clear Arcs                 :  No
  Disable Flight Delays                      :  No
  Ignore I/O Paths                           :  No
  Timing Early Launch at Borrowing Latches   :  No
  Borrow Time for Max Delay Exceptions       :  Yes
  Merge Timing Exceptions                    :  Yes
  Inter-SLR Compensation                     :  Conservative

  Corner  Analyze    Analyze    
  Name    Max Paths  Min Paths  
  ------  ---------  ---------  
  Slow    Yes        Yes        
  Fast    Yes        Yes        


------------------------------------------------------------------------------------------------
| Report Methodology
| ------------------
------------------------------------------------------------------------------------------------

Rule       Severity          Description                    Violations  
---------  ----------------  -----------------------------  ----------  
TIMING-17  Critical Warning  Non-clocked sequential cell    16          
TIMING-18  Warning           Missing input or output delay  1           

Note: This report is based on the most recent report_methodology run and may not be up-to-date. Run report_methodology on the current design for the latest report.



check_timing report

Table of Contents
-----------------
1. checking no_clock (16)
2. checking constant_clock (0)
3. checking pulse_width_clock (0)
4. checking unconstrained_internal_endpoints (44)
5. checking no_input_delay (1)
6. checking no_output_delay (14)
7. checking multiple_clock (0)
8. checking generated_clocks (0)
9. checking loops (0)
10. checking partial_input_delay (0)
11. checking partial_output_delay (0)
12. checking latch_loops (0)

1. checking no_clock (16)
-------------------------
 There are 16 register/latch pins with no clock driven by root clock pin: slow_clk_reg/Q (HIGH)


2. checking constant_clock (0)
------------------------------
 There are 0 register/latch pins with constant_clock.


3. checking pulse_width_clock (0)
---------------------------------
 There are 0 register/latch pins which need pulse_width check


4. checking unconstrained_internal_endpoints (44)
-------------------------------------------------
 There are 44 pins that are not constrained for maximum delay. (HIGH)

 There are 0 pins that are not constrained for maximum delay due to constant clock.


5. checking no_input_delay (1)
------------------------------
 There is 1 input port with no input delay specified. (HIGH)

 There are 0 input ports with no input delay but user has a false path constraint.


6. checking no_output_delay (14)
--------------------------------
 There are 14 ports with no output delay specified. (HIGH)

 There are 0 ports with no output delay but user has a false path constraint

 There are 0 ports with no output delay but with a timing clock defined on it or propagating through it


7. checking multiple_clock (0)
------------------------------
 There are 0 register/latch pins with multiple clocks.


8. checking generated_clocks (0)
--------------------------------
 There are 0 generated clocks that are not connected to a clock source.


9. checking loops (0)
---------------------
 There are 0 combinational loops in the design.


10. checking partial_input_delay (0)
------------------------------------
 There are 0 input ports with partial input delay specified.


11. checking partial_output_delay (0)
-------------------------------------
 There are 0 ports with partial output delay specified.


12. checking latch_loops (0)
----------------------------
 There are 0 combinational latch loops in the design through latch input



------------------------------------------------------------------------------------------------
| Design Timing Summary
| ---------------------
------------------------------------------------------------------------------------------------

    WNS(ns)      TNS(ns)  TNS Failing Endpoints  TNS Total Endpoints      WHS(ns)      THS(ns)  THS Failing Endpoints  THS Total Endpoints     WPWS(ns)     TPWS(ns)  TPWS Failing Endpoints  TPWS Total Endpoints  
    -------      -------  ---------------------  -------------------      -------      -------  ---------------------  -------------------     --------     --------  ----------------------  --------------------  
      6.009        0.000                      0                   27        0.351        0.000                      0                   27        4.500        0.000                       0                    28  


All user specified timing constraints are met.


------------------------------------------------------------------------------------------------
| Clock Summary
| -------------
------------------------------------------------------------------------------------------------

Clock  Waveform(ns)       Period(ns)      Frequency(MHz)
-----  ------------       ----------      --------------
clk    {0.000 5.000}      10.000          100.000         


------------------------------------------------------------------------------------------------
| Intra Clock Table
| -----------------
------------------------------------------------------------------------------------------------

Clock             WNS(ns)      TNS(ns)  TNS Failing Endpoints  TNS Total Endpoints      WHS(ns)      THS(ns)  THS Failing Endpoints  THS Total Endpoints     WPWS(ns)     TPWS(ns)  TPWS Failing Endpoints  TPWS Total Endpoints  
-----             -------      -------  ---------------------  -------------------      -------      -------  ---------------------  -------------------     --------     --------  ----------------------  --------------------  
clk                 6.009        0.000                      0                   27        0.351        0.000                      0                   27        4.500        0.000                       0                    28  


------------------------------------------------------------------------------------------------
| Inter Clock Table
| -----------------
------------------------------------------------------------------------------------------------

From Clock    To Clock          WNS(ns)      TNS(ns)  TNS Failing Endpoints  TNS Total Endpoints      WHS(ns)      THS(ns)  THS Failing Endpoints  THS Total Endpoints  
----------    --------          -------      -------  ---------------------  -------------------      -------      -------  ---------------------  -------------------  


------------------------------------------------------------------------------------------------
| Other Path Groups Table
| -----------------------
------------------------------------------------------------------------------------------------

Path Group    From Clock    To Clock          WNS(ns)      TNS(ns)  TNS Failing Endpoints  TNS Total Endpoints      WHS(ns)      THS(ns)  THS Failing Endpoints  THS Total Endpoints  
----------    ----------    --------          -------      -------  ---------------------  -------------------      -------      -------  ---------------------  -------------------  


------------------------------------------------------------------------------------------------
| User Ignored Path Table
| -----------------------
------------------------------------------------------------------------------------------------

Path Group    From Clock    To Clock    
----------    ----------    --------    


------------------------------------------------------------------------------------------------
| Unconstrained Path Table
| ------------------------
------------------------------------------------------------------------------------------------

Path Group    From Clock    To Clock    
----------    ----------    --------    
(none)                                    
(none)                      clk           


------------------------------------------------------------------------------------------------
| Timing Details
| --------------
------------------------------------------------------------------------------------------------


---------------------------------------------------------------------------------------------------
From Clock:  clk
  To Clock:  clk

Setup :            0  Failing Endpoints,  Worst Slack        6.009ns,  Total Violation        0.000ns
Hold  :            0  Failing Endpoints,  Worst Slack        0.351ns,  Total Violation        0.000ns
PW    :            0  Failing Endpoints,  Worst Slack        4.500ns,  Total Violation        0.000ns
---------------------------------------------------------------------------------------------------


Max Delay Paths
--------------------------------------------------------------------------------------
Slack (MET) :             6.009ns  (required time - arrival time)
  Source:                 clk_cnt_reg[5]/C
                            (rising edge-triggered cell FDCE clocked by clk  {rise@0.000ns fall@5.000ns period=10.000ns})
  Destination:            clk_cnt_reg[22]/D
                            (rising edge-triggered cell FDCE clocked by clk  {rise@0.000ns fall@5.000ns period=10.000ns})
  Path Group:             clk
  Path Type:              Setup (Max at Slow Process Corner)
  Requirement:            10.000ns  (clk rise@10.000ns - clk rise@0.000ns)
  Data Path Delay:        3.957ns  (logic 2.290ns (57.877%)  route 1.667ns (42.123%))
  Logic Levels:           6  (CARRY4=5 LUT2=1)
  Clock Path Skew:        -0.028ns (DCD - SCD + CPR)
    Destination Clock Delay (DCD):    5.016ns = ( 15.016 - 10.000 ) 
    Source Clock Delay      (SCD):    5.319ns
    Clock Pessimism Removal (CPR):    0.275ns
  Clock Uncertainty:      0.035ns  ((TSJ^2 + TIJ^2)^1/2 + DJ) / 2 + PE
    Total System Jitter     (TSJ):    0.071ns
    Total Input Jitter      (TIJ):    0.000ns
    Discrete Jitter          (DJ):    0.000ns
    Phase Error              (PE):    0.000ns

    Location             Delay type                Incr(ns)  Path(ns)    Netlist Resource(s)
  -------------------------------------------------------------------    -------------------
                         (clock clk rise edge)        0.000     0.000 r  
    E3                                                0.000     0.000 r  clk (IN)
                         net (fo=0)                   0.000     0.000    clk
    E3                   IBUF (Prop_ibuf_I_O)         1.482     1.482 r  clk_IBUF_inst/O
                         net (fo=1, routed)           2.025     3.506    clk_IBUF
    BUFGCTRL_X0Y16       BUFG (Prop_bufg_I_O)         0.096     3.602 r  clk_IBUF_BUFG_inst/O
                         net (fo=27, routed)          1.716     5.319    clk_IBUF_BUFG
    SLICE_X2Y67          FDCE                                         r  clk_cnt_reg[5]/C
  -------------------------------------------------------------------    -------------------
    SLICE_X2Y67          FDCE (Prop_fdce_C_Q)         0.478     5.797 r  clk_cnt_reg[5]/Q
                         net (fo=2, routed)           0.818     6.615    clk_cnt_reg_n_0_[5]
    SLICE_X1Y67          CARRY4 (Prop_carry4_S[0]_CO[3])
                                                      0.833     7.448 r  clk_cnt_reg[8]_i_2/CO[3]
                         net (fo=1, routed)           0.000     7.448    clk_cnt_reg[8]_i_2_n_0
    SLICE_X1Y68          CARRY4 (Prop_carry4_CI_CO[3])
                                                      0.114     7.562 r  clk_cnt_reg[12]_i_2/CO[3]
                         net (fo=1, routed)           0.000     7.562    clk_cnt_reg[12]_i_2_n_0
    SLICE_X1Y69          CARRY4 (Prop_carry4_CI_CO[3])
                                                      0.114     7.676 r  clk_cnt_reg[16]_i_2/CO[3]
                         net (fo=1, routed)           0.000     7.676    clk_cnt_reg[16]_i_2_n_0
    SLICE_X1Y70          CARRY4 (Prop_carry4_CI_CO[3])
                                                      0.114     7.790 r  clk_cnt_reg[20]_i_2/CO[3]
                         net (fo=1, routed)           0.000     7.790    clk_cnt_reg[20]_i_2_n_0
    SLICE_X1Y71          CARRY4 (Prop_carry4_CI_O[1])
                                                      0.334     8.124 r  clk_cnt_reg[24]_i_2/O[1]
                         net (fo=1, routed)           0.849     8.972    data0[22]
    SLICE_X0Y71          LUT2 (Prop_lut2_I1_O)        0.303     9.275 r  clk_cnt[22]_i_1/O
                         net (fo=1, routed)           0.000     9.275    clk_cnt[22]
    SLICE_X0Y71          FDCE                                         r  clk_cnt_reg[22]/D
  -------------------------------------------------------------------    -------------------

                         (clock clk rise edge)       10.000    10.000 r  
    E3                                                0.000    10.000 r  clk (IN)
                         net (fo=0)                   0.000    10.000    clk
    E3                   IBUF (Prop_ibuf_I_O)         1.411    11.411 r  clk_IBUF_inst/O
                         net (fo=1, routed)           1.920    13.331    clk_IBUF
    BUFGCTRL_X0Y16       BUFG (Prop_bufg_I_O)         0.091    13.422 r  clk_IBUF_BUFG_inst/O
                         net (fo=27, routed)          1.593    15.016    clk_IBUF_BUFG
    SLICE_X0Y71          FDCE                                         r  clk_cnt_reg[22]/C
                         clock pessimism              0.275    15.291    
                         clock uncertainty           -0.035    15.255    
    SLICE_X0Y71          FDCE (Setup_fdce_C_D)        0.029    15.284    clk_cnt_reg[22]
  -------------------------------------------------------------------
                         required time                         15.284    
                         arrival time                          -9.275    
  -------------------------------------------------------------------
                         slack                                  6.009    

Slack (MET) :             6.050ns  (required time - arrival time)
  Source:                 clk_cnt_reg[5]/C
                            (rising edge-triggered cell FDCE clocked by clk  {rise@0.000ns fall@5.000ns period=10.000ns})
  Destination:            clk_cnt_reg[25]/D
                            (rising edge-triggered cell FDCE clocked by clk  {rise@0.000ns fall@5.000ns period=10.000ns})
  Path Group:             clk
  Path Type:              Setup (Max at Slow Process Corner)
  Requirement:            10.000ns  (clk rise@10.000ns - clk rise@0.000ns)
  Data Path Delay:        3.962ns  (logic 2.316ns (58.456%)  route 1.646ns (41.544%))
  Logic Levels:           7  (CARRY4=6 LUT2=1)
  Clock Path Skew:        -0.028ns (DCD - SCD + CPR)
    Destination Clock Delay (DCD):    5.016ns = ( 15.016 - 10.000 ) 
    Source Clock Delay      (SCD):    5.319ns
    Clock Pessimism Removal (CPR):    0.275ns
  Clock Uncertainty:      0.035ns  ((TSJ^2 + TIJ^2)^1/2 + DJ) / 2 + PE
    Total System Jitter     (TSJ):    0.071ns
    Total Input Jitter      (TIJ):    0.000ns
    Discrete Jitter          (DJ):    0.000ns
    Phase Error              (PE):    0.000ns

    Location             Delay type                Incr(ns)  Path(ns)    Netlist Resource(s)
  -------------------------------------------------------------------    -------------------
                         (clock clk rise edge)        0.000     0.000 r  
    E3                                                0.000     0.000 r  clk (IN)
                         net (fo=0)                   0.000     0.000    clk
    E3                   IBUF (Prop_ibuf_I_O)         1.482     1.482 r  clk_IBUF_inst/O
                         net (fo=1, routed)           2.025     3.506    clk_IBUF
    BUFGCTRL_X0Y16       BUFG (Prop_bufg_I_O)         0.096     3.602 r  clk_IBUF_BUFG_inst/O
                         net (fo=27, routed)          1.716     5.319    clk_IBUF_BUFG
    SLICE_X2Y67          FDCE                                         r  clk_cnt_reg[5]/C
  -------------------------------------------------------------------    -------------------
    SLICE_X2Y67          FDCE (Prop_fdce_C_Q)         0.478     5.797 r  clk_cnt_reg[5]/Q
                         net (fo=2, routed)           0.818     6.615    clk_cnt_reg_n_0_[5]
    SLICE_X1Y67          CARRY4 (Prop_carry4_S[0]_CO[3])
                                                      0.833     7.448 r  clk_cnt_reg[8]_i_2/CO[3]
                         net (fo=1, routed)           0.000     7.448    clk_cnt_reg[8]_i_2_n_0
    SLICE_X1Y68          CARRY4 (Prop_carry4_CI_CO[3])
                                                      0.114     7.562 r  clk_cnt_reg[12]_i_2/CO[3]
                         net (fo=1, routed)           0.000     7.562    clk_cnt_reg[12]_i_2_n_0
    SLICE_X1Y69          CARRY4 (Prop_carry4_CI_CO[3])
                                                      0.114     7.676 r  clk_cnt_reg[16]_i_2/CO[3]
                         net (fo=1, routed)           0.000     7.676    clk_cnt_reg[16]_i_2_n_0
    SLICE_X1Y70          CARRY4 (Prop_carry4_CI_CO[3])
                                                      0.114     7.790 r  clk_cnt_reg[20]_i_2/CO[3]
                         net (fo=1, routed)           0.000     7.790    clk_cnt_reg[20]_i_2_n_0
    SLICE_X1Y71          CARRY4 (Prop_carry4_CI_CO[3])
                                                      0.114     7.904 r  clk_cnt_reg[24]_i_2/CO[3]
                         net (fo=1, routed)           0.000     7.904    clk_cnt_reg[24]_i_2_n_0
    SLICE_X1Y72          CARRY4 (Prop_carry4_CI_O[0])
                                                      0.222     8.126 r  clk_cnt_reg[25]_i_3/O[0]
                         net (fo=1, routed)           0.828     8.954    data0[25]
    SLICE_X0Y71          LUT2 (Prop_lut2_I1_O)        0.327     9.281 r  clk_cnt[25]_i_1/O
                         net (fo=1, routed)           0.000     9.281    clk_cnt[25]
    SLICE_X0Y71          FDCE                                         r  clk_cnt_reg[25]/D
  -------------------------------------------------------------------    -------------------

                         (clock clk rise edge)       10.000    10.000 r  
    E3                                                0.000    10.000 r  clk (IN)
                         net (fo=0)                   0.000    10.000    clk
    E3                   IBUF (Prop_ibuf_I_O)         1.411    11.411 r  clk_IBUF_inst/O
                         net (fo=1, routed)           1.920    13.331    clk_IBUF
    BUFGCTRL_X0Y16       BUFG (Prop_bufg_I_O)         0.091    13.422 r  clk_IBUF_BUFG_inst/O
                         net (fo=27, routed)          1.593    15.016    clk_IBUF_BUFG
    SLICE_X0Y71          FDCE                                         r  clk_cnt_reg[25]/C
                         clock pessimism              0.275    15.291    
                         clock uncertainty           -0.035    15.255    
    SLICE_X0Y71          FDCE (Setup_fdce_C_D)        0.075    15.330    clk_cnt_reg[25]
  -------------------------------------------------------------------
                         required time                         15.330    
                         arrival time                          -9.281    
  -------------------------------------------------------------------
                         slack                                  6.050    

Slack (MET) :             6.124ns  (required time - arrival time)
  Source:                 clk_cnt_reg[5]/C
                            (rising edge-triggered cell FDCE clocked by clk  {rise@0.000ns fall@5.000ns period=10.000ns})
  Destination:            clk_cnt_reg[18]/D
                            (rising edge-triggered cell FDCE clocked by clk  {rise@0.000ns fall@5.000ns period=10.000ns})
  Path Group:             clk
  Path Type:              Setup (Max at Slow Process Corner)
  Requirement:            10.000ns  (clk rise@10.000ns - clk rise@0.000ns)
  Data Path Delay:        3.843ns  (logic 2.176ns (56.627%)  route 1.667ns (43.373%))
  Logic Levels:           5  (CARRY4=4 LUT2=1)
  Clock Path Skew:        -0.027ns (DCD - SCD + CPR)
    Destination Clock Delay (DCD):    5.017ns = ( 15.017 - 10.000 ) 
    Source Clock Delay      (SCD):    5.319ns
    Clock Pessimism Removal (CPR):    0.275ns
  Clock Uncertainty:      0.035ns  ((TSJ^2 + TIJ^2)^1/2 + DJ) / 2 + PE
    Total System Jitter     (TSJ):    0.071ns
    Total Input Jitter      (TIJ):    0.000ns
    Discrete Jitter          (DJ):    0.000ns
    Phase Error              (PE):    0.000ns

    Location             Delay type                Incr(ns)  Path(ns)    Netlist Resource(s)
  -------------------------------------------------------------------    -------------------
                         (clock clk rise edge)        0.000     0.000 r  
    E3                                                0.000     0.000 r  clk (IN)
                         net (fo=0)                   0.000     0.000    clk
    E3                   IBUF (Prop_ibuf_I_O)         1.482     1.482 r  clk_IBUF_inst/O
                         net (fo=1, routed)           2.025     3.506    clk_IBUF
    BUFGCTRL_X0Y16       BUFG (Prop_bufg_I_O)         0.096     3.602 r  clk_IBUF_BUFG_inst/O
                         net (fo=27, routed)          1.716     5.319    clk_IBUF_BUFG
    SLICE_X2Y67          FDCE                                         r  clk_cnt_reg[5]/C
  -------------------------------------------------------------------    -------------------
    SLICE_X2Y67          FDCE (Prop_fdce_C_Q)         0.478     5.797 r  clk_cnt_reg[5]/Q
                         net (fo=2, routed)           0.818     6.615    clk_cnt_reg_n_0_[5]
    SLICE_X1Y67          CARRY4 (Prop_carry4_S[0]_CO[3])
                                                      0.833     7.448 r  clk_cnt_reg[8]_i_2/CO[3]
                         net (fo=1, routed)           0.000     7.448    clk_cnt_reg[8]_i_2_n_0
    SLICE_X1Y68          CARRY4 (Prop_carry4_CI_CO[3])
                                                      0.114     7.562 r  clk_cnt_reg[12]_i_2/CO[3]
                         net (fo=1, routed)           0.000     7.562    clk_cnt_reg[12]_i_2_n_0
    SLICE_X1Y69          CARRY4 (Prop_carry4_CI_CO[3])
                                                      0.114     7.676 r  clk_cnt_reg[16]_i_2/CO[3]
                         net (fo=1, routed)           0.000     7.676    clk_cnt_reg[16]_i_2_n_0
    SLICE_X1Y70          CARRY4 (Prop_carry4_CI_O[1])
                                                      0.334     8.010 r  clk_cnt_reg[20]_i_2/O[1]
                         net (fo=1, routed)           0.849     8.858    data0[18]
    SLICE_X0Y70          LUT2 (Prop_lut2_I1_O)        0.303     9.161 r  clk_cnt[18]_i_1/O
                         net (fo=1, routed)           0.000     9.161    clk_cnt[18]
    SLICE_X0Y70          FDCE                                         r  clk_cnt_reg[18]/D
  -------------------------------------------------------------------    -------------------

                         (clock clk rise edge)       10.000    10.000 r  
    E3                                                0.000    10.000 r  clk (IN)
                         net (fo=0)                   0.000    10.000    clk
    E3                   IBUF (Prop_ibuf_I_O)         1.411    11.411 r  clk_IBUF_inst/O
                         net (fo=1, routed)           1.920    13.331    clk_IBUF
    BUFGCTRL_X0Y16       BUFG (Prop_bufg_I_O)         0.091    13.422 r  clk_IBUF_BUFG_inst/O
                         net (fo=27, routed)          1.594    15.017    clk_IBUF_BUFG
    SLICE_X0Y70          FDCE                                         r  clk_cnt_reg[18]/C
                         clock pessimism              0.275    15.292    
                         clock uncertainty           -0.035    15.256    
    SLICE_X0Y70          FDCE (Setup_fdce_C_D)        0.029    15.285    clk_cnt_reg[18]
  -------------------------------------------------------------------
                         required time                         15.285    
                         arrival time                          -9.161    
  -------------------------------------------------------------------
                         slack                                  6.124    

Slack (MET) :             6.165ns  (required time - arrival time)
  Source:                 clk_cnt_reg[5]/C
                            (rising edge-triggered cell FDCE clocked by clk  {rise@0.000ns fall@5.000ns period=10.000ns})
  Destination:            clk_cnt_reg[21]/D
                            (rising edge-triggered cell FDCE clocked by clk  {rise@0.000ns fall@5.000ns period=10.000ns})
  Path Group:             clk
  Path Type:              Setup (Max at Slow Process Corner)
  Requirement:            10.000ns  (clk rise@10.000ns - clk rise@0.000ns)
  Data Path Delay:        3.848ns  (logic 2.202ns (57.225%)  route 1.646ns (42.775%))
  Logic Levels:           6  (CARRY4=5 LUT2=1)
  Clock Path Skew:        -0.027ns (DCD - SCD + CPR)
    Destination Clock Delay (DCD):    5.017ns = ( 15.017 - 10.000 ) 
    Source Clock Delay      (SCD):    5.319ns
    Clock Pessimism Removal (CPR):    0.275ns
  Clock Uncertainty:      0.035ns  ((TSJ^2 + TIJ^2)^1/2 + DJ) / 2 + PE
    Total System Jitter     (TSJ):    0.071ns
    Total Input Jitter      (TIJ):    0.000ns
    Discrete Jitter          (DJ):    0.000ns
    Phase Error              (PE):    0.000ns

    Location             Delay type                Incr(ns)  Path(ns)    Netlist Resource(s)
  -------------------------------------------------------------------    -------------------
                         (clock clk rise edge)        0.000     0.000 r  
    E3                                                0.000     0.000 r  clk (IN)
                         net (fo=0)                   0.000     0.000    clk
    E3                   IBUF (Prop_ibuf_I_O)         1.482     1.482 r  clk_IBUF_inst/O
                         net (fo=1, routed)           2.025     3.506    clk_IBUF
    BUFGCTRL_X0Y16       BUFG (Prop_bufg_I_O)         0.096     3.602 r  clk_IBUF_BUFG_inst/O
                         net (fo=27, routed)          1.716     5.319    clk_IBUF_BUFG
    SLICE_X2Y67          FDCE                                         r  clk_cnt_reg[5]/C
  -------------------------------------------------------------------    -------------------
    SLICE_X2Y67          FDCE (Prop_fdce_C_Q)         0.478     5.797 r  clk_cnt_reg[5]/Q
                         net (fo=2, routed)           0.818     6.615    clk_cnt_reg_n_0_[5]
    SLICE_X1Y67          CARRY4 (Prop_carry4_S[0]_CO[3])
                                                      0.833     7.448 r  clk_cnt_reg[8]_i_2/CO[3]
                         net (fo=1, routed)           0.000     7.448    clk_cnt_reg[8]_i_2_n_0
    SLICE_X1Y68          CARRY4 (Prop_carry4_CI_CO[3])
                                                      0.114     7.562 r  clk_cnt_reg[12]_i_2/CO[3]
                         net (fo=1, routed)           0.000     7.562    clk_cnt_reg[12]_i_2_n_0
    SLICE_X1Y69          CARRY4 (Prop_carry4_CI_CO[3])
                                                      0.114     7.676 r  clk_cnt_reg[16]_i_2/CO[3]
                         net (fo=1, routed)           0.000     7.676    clk_cnt_reg[16]_i_2_n_0
    SLICE_X1Y70          CARRY4 (Prop_carry4_CI_CO[3])
                                                      0.114     7.790 r  clk_cnt_reg[20]_i_2/CO[3]
                         net (fo=1, routed)           0.000     7.790    clk_cnt_reg[20]_i_2_n_0
    SLICE_X1Y71          CARRY4 (Prop_carry4_CI_O[0])
                                                      0.222     8.012 r  clk_cnt_reg[24]_i_2/O[0]
                         net (fo=1, routed)           0.828     8.840    data0[21]
    SLICE_X0Y70          LUT2 (Prop_lut2_I1_O)        0.327     9.167 r  clk_cnt[21]_i_1/O
                         net (fo=1, routed)           0.000     9.167    clk_cnt[21]
    SLICE_X0Y70          FDCE                                         r  clk_cnt_reg[21]/D
  -------------------------------------------------------------------    -------------------

                         (clock clk rise edge)       10.000    10.000 r  
    E3                                                0.000    10.000 r  clk (IN)
                         net (fo=0)                   0.000    10.000    clk
    E3                   IBUF (Prop_ibuf_I_O)         1.411    11.411 r  clk_IBUF_inst/O
                         net (fo=1, routed)           1.920    13.331    clk_IBUF
    BUFGCTRL_X0Y16       BUFG (Prop_bufg_I_O)         0.091    13.422 r  clk_IBUF_BUFG_inst/O
                         net (fo=27, routed)          1.594    15.017    clk_IBUF_BUFG
    SLICE_X0Y70          FDCE                                         r  clk_cnt_reg[21]/C
                         clock pessimism              0.275    15.292    
                         clock uncertainty           -0.035    15.256    
    SLICE_X0Y70          FDCE (Setup_fdce_C_D)        0.075    15.331    clk_cnt_reg[21]
  -------------------------------------------------------------------
                         required time                         15.331    
                         arrival time                          -9.167    
  -------------------------------------------------------------------
                         slack                                  6.165    

Slack (MET) :             6.232ns  (required time - arrival time)
  Source:                 clk_cnt_reg[5]/C
                            (rising edge-triggered cell FDCE clocked by clk  {rise@0.000ns fall@5.000ns period=10.000ns})
  Destination:            clk_cnt_reg[24]/D
                            (rising edge-triggered cell FDCE clocked by clk  {rise@0.000ns fall@5.000ns period=10.000ns})
  Path Group:             clk
  Path Type:              Setup (Max at Slow Process Corner)
  Requirement:            10.000ns  (clk rise@10.000ns - clk rise@0.000ns)
  Data Path Delay:        3.780ns  (logic 2.300ns (60.849%)  route 1.480ns (39.151%))
  Logic Levels:           6  (CARRY4=5 LUT2=1)
  Clock Path Skew:        -0.028ns (DCD - SCD + CPR)
    Destination Clock Delay (DCD):    5.016ns = ( 15.016 - 10.000 ) 
    Source Clock Delay      (SCD):    5.319ns
    Clock Pessimism Removal (CPR):    0.275ns
  Clock Uncertainty:      0.035ns  ((TSJ^2 + TIJ^2)^1/2 + DJ) / 2 + PE
    Total System Jitter     (TSJ):    0.071ns
    Total Input Jitter      (TIJ):    0.000ns
    Discrete Jitter          (DJ):    0.000ns
    Phase Error              (PE):    0.000ns

    Location             Delay type                Incr(ns)  Path(ns)    Netlist Resource(s)
  -------------------------------------------------------------------    -------------------
                         (clock clk rise edge)        0.000     0.000 r  
    E3                                                0.000     0.000 r  clk (IN)
                         net (fo=0)                   0.000     0.000    clk
    E3                   IBUF (Prop_ibuf_I_O)         1.482     1.482 r  clk_IBUF_inst/O
                         net (fo=1, routed)           2.025     3.506    clk_IBUF
    BUFGCTRL_X0Y16       BUFG (Prop_bufg_I_O)         0.096     3.602 r  clk_IBUF_BUFG_inst/O
                         net (fo=27, routed)          1.716     5.319    clk_IBUF_BUFG
    SLICE_X2Y67          FDCE                                         r  clk_cnt_reg[5]/C
  -------------------------------------------------------------------    -------------------
    SLICE_X2Y67          FDCE (Prop_fdce_C_Q)         0.478     5.797 r  clk_cnt_reg[5]/Q
                         net (fo=2, routed)           0.818     6.615    clk_cnt_reg_n_0_[5]
    SLICE_X1Y67          CARRY4 (Prop_carry4_S[0]_CO[3])
                                                      0.833     7.448 r  clk_cnt_reg[8]_i_2/CO[3]
                         net (fo=1, routed)           0.000     7.448    clk_cnt_reg[8]_i_2_n_0
    SLICE_X1Y68          CARRY4 (Prop_carry4_CI_CO[3])
                                                      0.114     7.562 r  clk_cnt_reg[12]_i_2/CO[3]
                         net (fo=1, routed)           0.000     7.562    clk_cnt_reg[12]_i_2_n_0
    SLICE_X1Y69          CARRY4 (Prop_carry4_CI_CO[3])
                                                      0.114     7.676 r  clk_cnt_reg[16]_i_2/CO[3]
                         net (fo=1, routed)           0.000     7.676    clk_cnt_reg[16]_i_2_n_0
    SLICE_X1Y70          CARRY4 (Prop_carry4_CI_CO[3])
                                                      0.114     7.790 r  clk_cnt_reg[20]_i_2/CO[3]
                         net (fo=1, routed)           0.000     7.790    clk_cnt_reg[20]_i_2_n_0
    SLICE_X1Y71          CARRY4 (Prop_carry4_CI_O[3])
                                                      0.313     8.103 r  clk_cnt_reg[24]_i_2/O[3]
                         net (fo=1, routed)           0.662     8.765    data0[24]
    SLICE_X0Y71          LUT2 (Prop_lut2_I1_O)        0.334     9.099 r  clk_cnt[24]_i_1/O
                         net (fo=1, routed)           0.000     9.099    clk_cnt[24]
    SLICE_X0Y71          FDCE                                         r  clk_cnt_reg[24]/D
  -------------------------------------------------------------------    -------------------

                         (clock clk rise edge)       10.000    10.000 r  
    E3                                                0.000    10.000 r  clk (IN)
                         net (fo=0)                   0.000    10.000    clk
    E3                   IBUF (Prop_ibuf_I_O)         1.411    11.411 r  clk_IBUF_inst/O
                         net (fo=1, routed)           1.920    13.331    clk_IBUF
    BUFGCTRL_X0Y16       BUFG (Prop_bufg_I_O)         0.091    13.422 r  clk_IBUF_BUFG_inst/O
                         net (fo=27, routed)          1.593    15.016    clk_IBUF_BUFG
    SLICE_X0Y71          FDCE                                         r  clk_cnt_reg[24]/C
                         clock pessimism              0.275    15.291    
                         clock uncertainty           -0.035    15.255    
    SLICE_X0Y71          FDCE (Setup_fdce_C_D)        0.075    15.330    clk_cnt_reg[24]
  -------------------------------------------------------------------
                         required time                         15.330    
                         arrival time                          -9.099    
  -------------------------------------------------------------------
                         slack                                  6.232    

Slack (MET) :             6.268ns  (required time - arrival time)
  Source:                 clk_cnt_reg[8]/C
                            (rising edge-triggered cell FDCE clocked by clk  {rise@0.000ns fall@5.000ns period=10.000ns})
  Destination:            clk_cnt_reg[15]/D
                            (rising edge-triggered cell FDCE clocked by clk  {rise@0.000ns fall@5.000ns period=10.000ns})
  Path Group:             clk
  Path Type:              Setup (Max at Slow Process Corner)
  Requirement:            10.000ns  (clk rise@10.000ns - clk rise@0.000ns)
  Data Path Delay:        3.701ns  (logic 1.022ns (27.618%)  route 2.679ns (72.382%))
  Logic Levels:           3  (LUT2=1 LUT4=1 LUT6=1)
  Clock Path Skew:        -0.027ns (DCD - SCD + CPR)
    Destination Clock Delay (DCD):    5.017ns = ( 15.017 - 10.000 ) 
    Source Clock Delay      (SCD):    5.319ns
    Clock Pessimism Removal (CPR):    0.275ns
  Clock Uncertainty:      0.035ns  ((TSJ^2 + TIJ^2)^1/2 + DJ) / 2 + PE
    Total System Jitter     (TSJ):    0.071ns
    Total Input Jitter      (TIJ):    0.000ns
    Discrete Jitter          (DJ):    0.000ns
    Phase Error              (PE):    0.000ns

    Location             Delay type                Incr(ns)  Path(ns)    Netlist Resource(s)
  -------------------------------------------------------------------    -------------------
                         (clock clk rise edge)        0.000     0.000 r  
    E3                                                0.000     0.000 r  clk (IN)
                         net (fo=0)                   0.000     0.000    clk
    E3                   IBUF (Prop_ibuf_I_O)         1.482     1.482 r  clk_IBUF_inst/O
                         net (fo=1, routed)           2.025     3.506    clk_IBUF
    BUFGCTRL_X0Y16       BUFG (Prop_bufg_I_O)         0.096     3.602 r  clk_IBUF_BUFG_inst/O
                         net (fo=27, routed)          1.716     5.319    clk_IBUF_BUFG
    SLICE_X2Y67          FDCE                                         r  clk_cnt_reg[8]/C
  -------------------------------------------------------------------    -------------------
    SLICE_X2Y67          FDCE (Prop_fdce_C_Q)         0.478     5.797 r  clk_cnt_reg[8]/Q
                         net (fo=2, routed)           0.831     6.628    clk_cnt_reg_n_0_[8]
    SLICE_X2Y68          LUT4 (Prop_lut4_I3_O)        0.296     6.924 r  clk_cnt[25]_i_6/O
                         net (fo=1, routed)           0.801     7.725    clk_cnt[25]_i_6_n_0
    SLICE_X2Y69          LUT6 (Prop_lut6_I2_O)        0.124     7.849 r  clk_cnt[25]_i_2/O
                         net (fo=26, routed)          1.046     8.895    clk_cnt[25]_i_2_n_0
    SLICE_X0Y69          LUT2 (Prop_lut2_I0_O)        0.124     9.019 r  clk_cnt[15]_i_1/O
                         net (fo=1, routed)           0.000     9.019    clk_cnt[15]
    SLICE_X0Y69          FDCE                                         r  clk_cnt_reg[15]/D
  -------------------------------------------------------------------    -------------------

                         (clock clk rise edge)       10.000    10.000 r  
    E3                                                0.000    10.000 r  clk (IN)
                         net (fo=0)                   0.000    10.000    clk
    E3                   IBUF (Prop_ibuf_I_O)         1.411    11.411 r  clk_IBUF_inst/O
                         net (fo=1, routed)           1.920    13.331    clk_IBUF
    BUFGCTRL_X0Y16       BUFG (Prop_bufg_I_O)         0.091    13.422 r  clk_IBUF_BUFG_inst/O
                         net (fo=27, routed)          1.594    15.017    clk_IBUF_BUFG
    SLICE_X0Y69          FDCE                                         r  clk_cnt_reg[15]/C
                         clock pessimism              0.275    15.292    
                         clock uncertainty           -0.035    15.256    
    SLICE_X0Y69          FDCE (Setup_fdce_C_D)        0.031    15.287    clk_cnt_reg[15]
  -------------------------------------------------------------------
                         required time                         15.287    
                         arrival time                          -9.019    
  -------------------------------------------------------------------
                         slack                                  6.268    

Slack (MET) :             6.282ns  (required time - arrival time)
  Source:                 clk_cnt_reg[8]/C
                            (rising edge-triggered cell FDCE clocked by clk  {rise@0.000ns fall@5.000ns period=10.000ns})
  Destination:            clk_cnt_reg[16]/D
                            (rising edge-triggered cell FDCE clocked by clk  {rise@0.000ns fall@5.000ns period=10.000ns})
  Path Group:             clk
  Path Type:              Setup (Max at Slow Process Corner)
  Requirement:            10.000ns  (clk rise@10.000ns - clk rise@0.000ns)
  Data Path Delay:        3.731ns  (logic 1.052ns (28.200%)  route 2.679ns (71.800%))
  Logic Levels:           3  (LUT2=1 LUT4=1 LUT6=1)
  Clock Path Skew:        -0.027ns (DCD - SCD + CPR)
    Destination Clock Delay (DCD):    5.017ns = ( 15.017 - 10.000 ) 
    Source Clock Delay      (SCD):    5.319ns
    Clock Pessimism Removal (CPR):    0.275ns
  Clock Uncertainty:      0.035ns  ((TSJ^2 + TIJ^2)^1/2 + DJ) / 2 + PE
    Total System Jitter     (TSJ):    0.071ns
    Total Input Jitter      (TIJ):    0.000ns
    Discrete Jitter          (DJ):    0.000ns
    Phase Error              (PE):    0.000ns

    Location             Delay type                Incr(ns)  Path(ns)    Netlist Resource(s)
  -------------------------------------------------------------------    -------------------
                         (clock clk rise edge)        0.000     0.000 r  
    E3                                                0.000     0.000 r  clk (IN)
                         net (fo=0)                   0.000     0.000    clk
    E3                   IBUF (Prop_ibuf_I_O)         1.482     1.482 r  clk_IBUF_inst/O
                         net (fo=1, routed)           2.025     3.506    clk_IBUF
    BUFGCTRL_X0Y16       BUFG (Prop_bufg_I_O)         0.096     3.602 r  clk_IBUF_BUFG_inst/O
                         net (fo=27, routed)          1.716     5.319    clk_IBUF_BUFG
    SLICE_X2Y67          FDCE                                         r  clk_cnt_reg[8]/C
  -------------------------------------------------------------------    -------------------
    SLICE_X2Y67          FDCE (Prop_fdce_C_Q)         0.478     5.797 r  clk_cnt_reg[8]/Q
                         net (fo=2, routed)           0.831     6.628    clk_cnt_reg_n_0_[8]
    SLICE_X2Y68          LUT4 (Prop_lut4_I3_O)        0.296     6.924 r  clk_cnt[25]_i_6/O
                         net (fo=1, routed)           0.801     7.725    clk_cnt[25]_i_6_n_0
    SLICE_X2Y69          LUT6 (Prop_lut6_I2_O)        0.124     7.849 r  clk_cnt[25]_i_2/O
                         net (fo=26, routed)          1.046     8.895    clk_cnt[25]_i_2_n_0
    SLICE_X0Y69          LUT2 (Prop_lut2_I0_O)        0.154     9.049 r  clk_cnt[16]_i_1/O
                         net (fo=1, routed)           0.000     9.049    clk_cnt[16]
    SLICE_X0Y69          FDCE                                         r  clk_cnt_reg[16]/D
  -------------------------------------------------------------------    -------------------

                         (clock clk rise edge)       10.000    10.000 r  
    E3                                                0.000    10.000 r  clk (IN)
                         net (fo=0)                   0.000    10.000    clk
    E3                   IBUF (Prop_ibuf_I_O)         1.411    11.411 r  clk_IBUF_inst/O
                         net (fo=1, routed)           1.920    13.331    clk_IBUF
    BUFGCTRL_X0Y16       BUFG (Prop_bufg_I_O)         0.091    13.422 r  clk_IBUF_BUFG_inst/O
                         net (fo=27, routed)          1.594    15.017    clk_IBUF_BUFG
    SLICE_X0Y69          FDCE                                         r  clk_cnt_reg[16]/C
                         clock pessimism              0.275    15.292    
                         clock uncertainty           -0.035    15.256    
    SLICE_X0Y69          FDCE (Setup_fdce_C_D)        0.075    15.331    clk_cnt_reg[16]
  -------------------------------------------------------------------
                         required time                         15.331    
                         arrival time                          -9.049    
  -------------------------------------------------------------------
                         slack                                  6.282    

Slack (MET) :             6.286ns  (required time - arrival time)
  Source:                 clk_cnt_reg[5]/C
                            (rising edge-triggered cell FDCE clocked by clk  {rise@0.000ns fall@5.000ns period=10.000ns})
  Destination:            clk_cnt_reg[17]/D
                            (rising edge-triggered cell FDCE clocked by clk  {rise@0.000ns fall@5.000ns period=10.000ns})
  Path Group:             clk
  Path Type:              Setup (Max at Slow Process Corner)
  Requirement:            10.000ns  (clk rise@10.000ns - clk rise@0.000ns)
  Data Path Delay:        3.727ns  (logic 2.088ns (56.028%)  route 1.639ns (43.972%))
  Logic Levels:           5  (CARRY4=4 LUT2=1)
  Clock Path Skew:        -0.027ns (DCD - SCD + CPR)
    Destination Clock Delay (DCD):    5.017ns = ( 15.017 - 10.000 ) 
    Source Clock Delay      (SCD):    5.319ns
    Clock Pessimism Removal (CPR):    0.275ns
  Clock Uncertainty:      0.035ns  ((TSJ^2 + TIJ^2)^1/2 + DJ) / 2 + PE
    Total System Jitter     (TSJ):    0.071ns
    Total Input Jitter      (TIJ):    0.000ns
    Discrete Jitter          (DJ):    0.000ns
    Phase Error              (PE):    0.000ns

    Location             Delay type                Incr(ns)  Path(ns)    Netlist Resource(s)
  -------------------------------------------------------------------    -------------------
                         (clock clk rise edge)        0.000     0.000 r  
    E3                                                0.000     0.000 r  clk (IN)
                         net (fo=0)                   0.000     0.000    clk
    E3                   IBUF (Prop_ibuf_I_O)         1.482     1.482 r  clk_IBUF_inst/O
                         net (fo=1, routed)           2.025     3.506    clk_IBUF
    BUFGCTRL_X0Y16       BUFG (Prop_bufg_I_O)         0.096     3.602 r  clk_IBUF_BUFG_inst/O
                         net (fo=27, routed)          1.716     5.319    clk_IBUF_BUFG
    SLICE_X2Y67          FDCE                                         r  clk_cnt_reg[5]/C
  -------------------------------------------------------------------    -------------------
    SLICE_X2Y67          FDCE (Prop_fdce_C_Q)         0.478     5.797 r  clk_cnt_reg[5]/Q
                         net (fo=2, routed)           0.818     6.615    clk_cnt_reg_n_0_[5]
    SLICE_X1Y67          CARRY4 (Prop_carry4_S[0]_CO[3])
                                                      0.833     7.448 r  clk_cnt_reg[8]_i_2/CO[3]
                         net (fo=1, routed)           0.000     7.448    clk_cnt_reg[8]_i_2_n_0
    SLICE_X1Y68          CARRY4 (Prop_carry4_CI_CO[3])
                                                      0.114     7.562 r  clk_cnt_reg[12]_i_2/CO[3]
                         net (fo=1, routed)           0.000     7.562    clk_cnt_reg[12]_i_2_n_0
    SLICE_X1Y69          CARRY4 (Prop_carry4_CI_CO[3])
                                                      0.114     7.676 r  clk_cnt_reg[16]_i_2/CO[3]
                         net (fo=1, routed)           0.000     7.676    clk_cnt_reg[16]_i_2_n_0
    SLICE_X1Y70          CARRY4 (Prop_carry4_CI_O[0])
                                                      0.222     7.898 r  clk_cnt_reg[20]_i_2/O[0]
                         net (fo=1, routed)           0.821     8.718    data0[17]
    SLICE_X0Y69          LUT2 (Prop_lut2_I1_O)        0.327     9.045 r  clk_cnt[17]_i_1/O
                         net (fo=1, routed)           0.000     9.045    clk_cnt[17]
    SLICE_X0Y69          FDCE                                         r  clk_cnt_reg[17]/D
  -------------------------------------------------------------------    -------------------

                         (clock clk rise edge)       10.000    10.000 r  
    E3                                                0.000    10.000 r  clk (IN)
                         net (fo=0)                   0.000    10.000    clk
    E3                   IBUF (Prop_ibuf_I_O)         1.411    11.411 r  clk_IBUF_inst/O
                         net (fo=1, routed)           1.920    13.331    clk_IBUF
    BUFGCTRL_X0Y16       BUFG (Prop_bufg_I_O)         0.091    13.422 r  clk_IBUF_BUFG_inst/O
                         net (fo=27, routed)          1.594    15.017    clk_IBUF_BUFG
    SLICE_X0Y69          FDCE                                         r  clk_cnt_reg[17]/C
                         clock pessimism              0.275    15.292    
                         clock uncertainty           -0.035    15.256    
    SLICE_X0Y69          FDCE (Setup_fdce_C_D)        0.075    15.331    clk_cnt_reg[17]
  -------------------------------------------------------------------
                         required time                         15.331    
                         arrival time                          -9.045    
  -------------------------------------------------------------------
                         slack                                  6.286    

Slack (MET) :             6.316ns  (required time - arrival time)
  Source:                 clk_cnt_reg[8]/C
                            (rising edge-triggered cell FDCE clocked by clk  {rise@0.000ns fall@5.000ns period=10.000ns})
  Destination:            clk_cnt_reg[1]/D
                            (rising edge-triggered cell FDCE clocked by clk  {rise@0.000ns fall@5.000ns period=10.000ns})
  Path Group:             clk
  Path Type:              Setup (Max at Slow Process Corner)
  Requirement:            10.000ns  (clk rise@10.000ns - clk rise@0.000ns)
  Data Path Delay:        3.655ns  (logic 1.022ns (27.958%)  route 2.633ns (72.042%))
  Logic Levels:           3  (LUT2=1 LUT4=1 LUT6=1)
  Clock Path Skew:        -0.022ns (DCD - SCD + CPR)
    Destination Clock Delay (DCD):    5.020ns = ( 15.020 - 10.000 ) 
    Source Clock Delay      (SCD):    5.319ns
    Clock Pessimism Removal (CPR):    0.277ns
  Clock Uncertainty:      0.035ns  ((TSJ^2 + TIJ^2)^1/2 + DJ) / 2 + PE
    Total System Jitter     (TSJ):    0.071ns
    Total Input Jitter      (TIJ):    0.000ns
    Discrete Jitter          (DJ):    0.000ns
    Phase Error              (PE):    0.000ns

    Location             Delay type                Incr(ns)  Path(ns)    Netlist Resource(s)
  -------------------------------------------------------------------    -------------------
                         (clock clk rise edge)        0.000     0.000 r  
    E3                                                0.000     0.000 r  clk (IN)
                         net (fo=0)                   0.000     0.000    clk
    E3                   IBUF (Prop_ibuf_I_O)         1.482     1.482 r  clk_IBUF_inst/O
                         net (fo=1, routed)           2.025     3.506    clk_IBUF
    BUFGCTRL_X0Y16       BUFG (Prop_bufg_I_O)         0.096     3.602 r  clk_IBUF_BUFG_inst/O
                         net (fo=27, routed)          1.716     5.319    clk_IBUF_BUFG
    SLICE_X2Y67          FDCE                                         r  clk_cnt_reg[8]/C
  -------------------------------------------------------------------    -------------------
    SLICE_X2Y67          FDCE (Prop_fdce_C_Q)         0.478     5.797 r  clk_cnt_reg[8]/Q
                         net (fo=2, routed)           0.831     6.628    clk_cnt_reg_n_0_[8]
    SLICE_X2Y68          LUT4 (Prop_lut4_I3_O)        0.296     6.924 r  clk_cnt[25]_i_6/O
                         net (fo=1, routed)           0.801     7.725    clk_cnt[25]_i_6_n_0
    SLICE_X2Y69          LUT6 (Prop_lut6_I2_O)        0.124     7.849 r  clk_cnt[25]_i_2/O
                         net (fo=26, routed)          1.001     8.850    clk_cnt[25]_i_2_n_0
    SLICE_X3Y67          LUT2 (Prop_lut2_I0_O)        0.124     8.974 r  clk_cnt[1]_i_1/O
                         net (fo=1, routed)           0.000     8.974    clk_cnt[1]
    SLICE_X3Y67          FDCE                                         r  clk_cnt_reg[1]/D
  -------------------------------------------------------------------    -------------------

                         (clock clk rise edge)       10.000    10.000 r  
    E3                                                0.000    10.000 r  clk (IN)
                         net (fo=0)                   0.000    10.000    clk
    E3                   IBUF (Prop_ibuf_I_O)         1.411    11.411 r  clk_IBUF_inst/O
                         net (fo=1, routed)           1.920    13.331    clk_IBUF
    BUFGCTRL_X0Y16       BUFG (Prop_bufg_I_O)         0.091    13.422 r  clk_IBUF_BUFG_inst/O
                         net (fo=27, routed)          1.597    15.020    clk_IBUF_BUFG
    SLICE_X3Y67          FDCE                                         r  clk_cnt_reg[1]/C
                         clock pessimism              0.277    15.297    
                         clock uncertainty           -0.035    15.261    
    SLICE_X3Y67          FDCE (Setup_fdce_C_D)        0.029    15.290    clk_cnt_reg[1]
  -------------------------------------------------------------------
                         required time                         15.290    
                         arrival time                          -8.974    
  -------------------------------------------------------------------
                         slack                                  6.316    

Slack (MET) :             6.334ns  (required time - arrival time)
  Source:                 clk_cnt_reg[8]/C
                            (rising edge-triggered cell FDCE clocked by clk  {rise@0.000ns fall@5.000ns period=10.000ns})
  Destination:            slow_clk_reg/D
                            (rising edge-triggered cell FDCE clocked by clk  {rise@0.000ns fall@5.000ns period=10.000ns})
  Path Group:             clk
  Path Type:              Setup (Max at Slow Process Corner)
  Requirement:            10.000ns  (clk rise@10.000ns - clk rise@0.000ns)
  Data Path Delay:        3.683ns  (logic 1.050ns (28.506%)  route 2.633ns (71.494%))
  Logic Levels:           3  (LUT2=1 LUT4=1 LUT6=1)
  Clock Path Skew:        -0.022ns (DCD - SCD + CPR)
    Destination Clock Delay (DCD):    5.020ns = ( 15.020 - 10.000 ) 
    Source Clock Delay      (SCD):    5.319ns
    Clock Pessimism Removal (CPR):    0.277ns
  Clock Uncertainty:      0.035ns  ((TSJ^2 + TIJ^2)^1/2 + DJ) / 2 + PE
    Total System Jitter     (TSJ):    0.071ns
    Total Input Jitter      (TIJ):    0.000ns
    Discrete Jitter          (DJ):    0.000ns
    Phase Error              (PE):    0.000ns

    Location             Delay type                Incr(ns)  Path(ns)    Netlist Resource(s)
  -------------------------------------------------------------------    -------------------
                         (clock clk rise edge)        0.000     0.000 r  
    E3                                                0.000     0.000 r  clk (IN)
                         net (fo=0)                   0.000     0.000    clk
    E3                   IBUF (Prop_ibuf_I_O)         1.482     1.482 r  clk_IBUF_inst/O
                         net (fo=1, routed)           2.025     3.506    clk_IBUF
    BUFGCTRL_X0Y16       BUFG (Prop_bufg_I_O)         0.096     3.602 r  clk_IBUF_BUFG_inst/O
                         net (fo=27, routed)          1.716     5.319    clk_IBUF_BUFG
    SLICE_X2Y67          FDCE                                         r  clk_cnt_reg[8]/C
  -------------------------------------------------------------------    -------------------
    SLICE_X2Y67          FDCE (Prop_fdce_C_Q)         0.478     5.797 r  clk_cnt_reg[8]/Q
                         net (fo=2, routed)           0.831     6.628    clk_cnt_reg_n_0_[8]
    SLICE_X2Y68          LUT4 (Prop_lut4_I3_O)        0.296     6.924 r  clk_cnt[25]_i_6/O
                         net (fo=1, routed)           0.801     7.725    clk_cnt[25]_i_6_n_0
    SLICE_X2Y69          LUT6 (Prop_lut6_I2_O)        0.124     7.849 r  clk_cnt[25]_i_2/O
                         net (fo=26, routed)          1.001     8.850    clk_cnt[25]_i_2_n_0
    SLICE_X3Y67          LUT2 (Prop_lut2_I0_O)        0.152     9.002 r  slow_clk_i_1/O
                         net (fo=1, routed)           0.000     9.002    slow_clk_i_1_n_0
    SLICE_X3Y67          FDCE                                         r  slow_clk_reg/D
  -------------------------------------------------------------------    -------------------

                         (clock clk rise edge)       10.000    10.000 r  
    E3                                                0.000    10.000 r  clk (IN)
                         net (fo=0)                   0.000    10.000    clk
    E3                   IBUF (Prop_ibuf_I_O)         1.411    11.411 r  clk_IBUF_inst/O
                         net (fo=1, routed)           1.920    13.331    clk_IBUF
    BUFGCTRL_X0Y16       BUFG (Prop_bufg_I_O)         0.091    13.422 r  clk_IBUF_BUFG_inst/O
                         net (fo=27, routed)          1.597    15.020    clk_IBUF_BUFG
    SLICE_X3Y67          FDCE                                         r  slow_clk_reg/C
                         clock pessimism              0.277    15.297    
                         clock uncertainty           -0.035    15.261    
    SLICE_X3Y67          FDCE (Setup_fdce_C_D)        0.075    15.336    slow_clk_reg
  -------------------------------------------------------------------
                         required time                         15.336    
                         arrival time                          -9.002    
  -------------------------------------------------------------------
                         slack                                  6.334    





Min Delay Paths
--------------------------------------------------------------------------------------
Slack (MET) :             0.351ns  (arrival time - required time)
  Source:                 clk_cnt_reg[0]/C
                            (rising edge-triggered cell FDCE clocked by clk  {rise@0.000ns fall@5.000ns period=10.000ns})
  Destination:            clk_cnt_reg[0]/D
                            (rising edge-triggered cell FDCE clocked by clk  {rise@0.000ns fall@5.000ns period=10.000ns})
  Path Group:             clk
  Path Type:              Hold (Min at Fast Process Corner)
  Requirement:            0.000ns  (clk rise@0.000ns - clk rise@0.000ns)
  Data Path Delay:        0.443ns  (logic 0.186ns (42.002%)  route 0.257ns (57.998%))
  Logic Levels:           1  (LUT1=1)
  Clock Path Skew:        0.000ns (DCD - SCD - CPR)
    Destination Clock Delay (DCD):    2.031ns
    Source Clock Delay      (SCD):    1.514ns
    Clock Pessimism Removal (CPR):    0.516ns

    Location             Delay type                Incr(ns)  Path(ns)    Netlist Resource(s)
  -------------------------------------------------------------------    -------------------
                         (clock clk rise edge)        0.000     0.000 r  
    E3                                                0.000     0.000 r  clk (IN)
                         net (fo=0)                   0.000     0.000    clk
    E3                   IBUF (Prop_ibuf_I_O)         0.250     0.250 r  clk_IBUF_inst/O
                         net (fo=1, routed)           0.644     0.894    clk_IBUF
    BUFGCTRL_X0Y16       BUFG (Prop_bufg_I_O)         0.026     0.920 r  clk_IBUF_BUFG_inst/O
                         net (fo=27, routed)          0.595     1.514    clk_IBUF_BUFG
    SLICE_X0Y70          FDCE                                         r  clk_cnt_reg[0]/C
  -------------------------------------------------------------------    -------------------
    SLICE_X0Y70          FDCE (Prop_fdce_C_Q)         0.141     1.655 f  clk_cnt_reg[0]/Q
                         net (fo=3, routed)           0.257     1.912    clk_cnt_reg_n_0_[0]
    SLICE_X0Y70          LUT1 (Prop_lut1_I0_O)        0.045     1.957 r  clk_cnt[0]_i_1/O
                         net (fo=1, routed)           0.000     1.957    clk_cnt[0]
    SLICE_X0Y70          FDCE                                         r  clk_cnt_reg[0]/D
  -------------------------------------------------------------------    -------------------

                         (clock clk rise edge)        0.000     0.000 r  
    E3                                                0.000     0.000 r  clk (IN)
                         net (fo=0)                   0.000     0.000    clk
    E3                   IBUF (Prop_ibuf_I_O)         0.438     0.438 r  clk_IBUF_inst/O
                         net (fo=1, routed)           0.699     1.136    clk_IBUF
    BUFGCTRL_X0Y16       BUFG (Prop_bufg_I_O)         0.029     1.165 r  clk_IBUF_BUFG_inst/O
                         net (fo=27, routed)          0.866     2.031    clk_IBUF_BUFG
    SLICE_X0Y70          FDCE                                         r  clk_cnt_reg[0]/C
                         clock pessimism             -0.516     1.514    
    SLICE_X0Y70          FDCE (Hold_fdce_C_D)         0.092     1.606    clk_cnt_reg[0]
  -------------------------------------------------------------------
                         required time                         -1.606    
                         arrival time                           1.957    
  -------------------------------------------------------------------
                         slack                                  0.351    

Slack (MET) :             0.491ns  (arrival time - required time)
  Source:                 clk_cnt_reg[23]/C
                            (rising edge-triggered cell FDCE clocked by clk  {rise@0.000ns fall@5.000ns period=10.000ns})
  Destination:            clk_cnt_reg[23]/D
                            (rising edge-triggered cell FDCE clocked by clk  {rise@0.000ns fall@5.000ns period=10.000ns})
  Path Group:             clk
  Path Type:              Hold (Min at Fast Process Corner)
  Requirement:            0.000ns  (clk rise@0.000ns - clk rise@0.000ns)
  Data Path Delay:        0.583ns  (logic 0.360ns (61.746%)  route 0.223ns (38.254%))
  Logic Levels:           2  (CARRY4=1 LUT2=1)
  Clock Path Skew:        0.000ns (DCD - SCD - CPR)
    Destination Clock Delay (DCD):    2.030ns
    Source Clock Delay      (SCD):    1.513ns
    Clock Pessimism Removal (CPR):    0.516ns

    Location             Delay type                Incr(ns)  Path(ns)    Netlist Resource(s)
  -------------------------------------------------------------------    -------------------
                         (clock clk rise edge)        0.000     0.000 r  
    E3                                                0.000     0.000 r  clk (IN)
                         net (fo=0)                   0.000     0.000    clk
    E3                   IBUF (Prop_ibuf_I_O)         0.250     0.250 r  clk_IBUF_inst/O
                         net (fo=1, routed)           0.644     0.894    clk_IBUF
    BUFGCTRL_X0Y16       BUFG (Prop_bufg_I_O)         0.026     0.920 r  clk_IBUF_BUFG_inst/O
                         net (fo=27, routed)          0.594     1.513    clk_IBUF_BUFG
    SLICE_X0Y71          FDCE                                         r  clk_cnt_reg[23]/C
  -------------------------------------------------------------------    -------------------
    SLICE_X0Y71          FDCE (Prop_fdce_C_Q)         0.141     1.654 r  clk_cnt_reg[23]/Q
                         net (fo=2, routed)           0.062     1.716    clk_cnt_reg_n_0_[23]
    SLICE_X1Y71          CARRY4 (Prop_carry4_S[2]_O[2])
                                                      0.111     1.827 r  clk_cnt_reg[24]_i_2/O[2]
                         net (fo=1, routed)           0.161     1.988    data0[23]
    SLICE_X0Y71          LUT2 (Prop_lut2_I1_O)        0.108     2.096 r  clk_cnt[23]_i_1/O
                         net (fo=1, routed)           0.000     2.096    clk_cnt[23]
    SLICE_X0Y71          FDCE                                         r  clk_cnt_reg[23]/D
  -------------------------------------------------------------------    -------------------

                         (clock clk rise edge)        0.000     0.000 r  
    E3                                                0.000     0.000 r  clk (IN)
                         net (fo=0)                   0.000     0.000    clk
    E3                   IBUF (Prop_ibuf_I_O)         0.438     0.438 r  clk_IBUF_inst/O
                         net (fo=1, routed)           0.699     1.136    clk_IBUF
    BUFGCTRL_X0Y16       BUFG (Prop_bufg_I_O)         0.029     1.165 r  clk_IBUF_BUFG_inst/O
                         net (fo=27, routed)          0.865     2.030    clk_IBUF_BUFG
    SLICE_X0Y71          FDCE                                         r  clk_cnt_reg[23]/C
                         clock pessimism             -0.516     1.513    
    SLICE_X0Y71          FDCE (Hold_fdce_C_D)         0.092     1.605    clk_cnt_reg[23]
  -------------------------------------------------------------------
                         required time                         -1.605    
                         arrival time                           2.096    
  -------------------------------------------------------------------
                         slack                                  0.491    

Slack (MET) :             0.491ns  (arrival time - required time)
  Source:                 clk_cnt_reg[19]/C
                            (rising edge-triggered cell FDCE clocked by clk  {rise@0.000ns fall@5.000ns period=10.000ns})
  Destination:            clk_cnt_reg[19]/D
                            (rising edge-triggered cell FDCE clocked by clk  {rise@0.000ns fall@5.000ns period=10.000ns})
  Path Group:             clk
  Path Type:              Hold (Min at Fast Process Corner)
  Requirement:            0.000ns  (clk rise@0.000ns - clk rise@0.000ns)
  Data Path Delay:        0.583ns  (logic 0.360ns (61.746%)  route 0.223ns (38.254%))
  Logic Levels:           2  (CARRY4=1 LUT2=1)
  Clock Path Skew:        0.000ns (DCD - SCD - CPR)
    Destination Clock Delay (DCD):    2.031ns
    Source Clock Delay      (SCD):    1.514ns
    Clock Pessimism Removal (CPR):    0.516ns

    Location             Delay type                Incr(ns)  Path(ns)    Netlist Resource(s)
  -------------------------------------------------------------------    -------------------
                         (clock clk rise edge)        0.000     0.000 r  
    E3                                                0.000     0.000 r  clk (IN)
                         net (fo=0)                   0.000     0.000    clk
    E3                   IBUF (Prop_ibuf_I_O)         0.250     0.250 r  clk_IBUF_inst/O
                         net (fo=1, routed)           0.644     0.894    clk_IBUF
    BUFGCTRL_X0Y16       BUFG (Prop_bufg_I_O)         0.026     0.920 r  clk_IBUF_BUFG_inst/O
                         net (fo=27, routed)          0.595     1.514    clk_IBUF_BUFG
    SLICE_X0Y70          FDCE                                         r  clk_cnt_reg[19]/C
  -------------------------------------------------------------------    -------------------
    SLICE_X0Y70          FDCE (Prop_fdce_C_Q)         0.141     1.655 r  clk_cnt_reg[19]/Q
                         net (fo=2, routed)           0.062     1.717    clk_cnt_reg_n_0_[19]
    SLICE_X1Y70          CARRY4 (Prop_carry4_S[2]_O[2])
                                                      0.111     1.828 r  clk_cnt_reg[20]_i_2/O[2]
                         net (fo=1, routed)           0.161     1.989    data0[19]
    SLICE_X0Y70          LUT2 (Prop_lut2_I1_O)        0.108     2.097 r  clk_cnt[19]_i_1/O
                         net (fo=1, routed)           0.000     2.097    clk_cnt[19]
    SLICE_X0Y70          FDCE                                         r  clk_cnt_reg[19]/D
  -------------------------------------------------------------------    -------------------

                         (clock clk rise edge)        0.000     0.000 r  
    E3                                                0.000     0.000 r  clk (IN)
                         net (fo=0)                   0.000     0.000    clk
    E3                   IBUF (Prop_ibuf_I_O)         0.438     0.438 r  clk_IBUF_inst/O
                         net (fo=1, routed)           0.699     1.136    clk_IBUF
    BUFGCTRL_X0Y16       BUFG (Prop_bufg_I_O)         0.029     1.165 r  clk_IBUF_BUFG_inst/O
                         net (fo=27, routed)          0.866     2.031    clk_IBUF_BUFG
    SLICE_X0Y70          FDCE                                         r  clk_cnt_reg[19]/C
                         clock pessimism             -0.516     1.514    
    SLICE_X0Y70          FDCE (Hold_fdce_C_D)         0.092     1.606    clk_cnt_reg[19]
  -------------------------------------------------------------------
                         required time                         -1.606    
                         arrival time                           2.097    
  -------------------------------------------------------------------
                         slack                                  0.491    

Slack (MET) :             0.531ns  (arrival time - required time)
  Source:                 slow_clk_reg/C
                            (rising edge-triggered cell FDCE clocked by clk  {rise@0.000ns fall@5.000ns period=10.000ns})
  Destination:            slow_clk_reg/D
                            (rising edge-triggered cell FDCE clocked by clk  {rise@0.000ns fall@5.000ns period=10.000ns})
  Path Group:             clk
  Path Type:              Hold (Min at Fast Process Corner)
  Requirement:            0.000ns  (clk rise@0.000ns - clk rise@0.000ns)
  Data Path Delay:        0.638ns  (logic 0.228ns (35.734%)  route 0.410ns (64.266%))
  Logic Levels:           1  (LUT2=1)
  Clock Path Skew:        0.000ns (DCD - SCD - CPR)
    Destination Clock Delay (DCD):    2.034ns
    Source Clock Delay      (SCD):    1.517ns
    Clock Pessimism Removal (CPR):    0.516ns

    Location             Delay type                Incr(ns)  Path(ns)    Netlist Resource(s)
  -------------------------------------------------------------------    -------------------
                         (clock clk rise edge)        0.000     0.000 r  
    E3                                                0.000     0.000 r  clk (IN)
                         net (fo=0)                   0.000     0.000    clk
    E3                   IBUF (Prop_ibuf_I_O)         0.250     0.250 r  clk_IBUF_inst/O
                         net (fo=1, routed)           0.644     0.894    clk_IBUF
    BUFGCTRL_X0Y16       BUFG (Prop_bufg_I_O)         0.026     0.920 r  clk_IBUF_BUFG_inst/O
                         net (fo=27, routed)          0.598     1.517    clk_IBUF_BUFG
    SLICE_X3Y67          FDCE                                         r  slow_clk_reg/C
  -------------------------------------------------------------------    -------------------
    SLICE_X3Y67          FDCE (Prop_fdce_C_Q)         0.128     1.645 r  slow_clk_reg/Q
                         net (fo=17, routed)          0.410     2.055    slow_clk_reg_n_0
    SLICE_X3Y67          LUT2 (Prop_lut2_I1_O)        0.100     2.155 r  slow_clk_i_1/O
                         net (fo=1, routed)           0.000     2.155    slow_clk_i_1_n_0
    SLICE_X3Y67          FDCE                                         r  slow_clk_reg/D
  -------------------------------------------------------------------    -------------------

                         (clock clk rise edge)        0.000     0.000 r  
    E3                                                0.000     0.000 r  clk (IN)
                         net (fo=0)                   0.000     0.000    clk
    E3                   IBUF (Prop_ibuf_I_O)         0.438     0.438 r  clk_IBUF_inst/O
                         net (fo=1, routed)           0.699     1.136    clk_IBUF
    BUFGCTRL_X0Y16       BUFG (Prop_bufg_I_O)         0.029     1.165 r  clk_IBUF_BUFG_inst/O
                         net (fo=27, routed)          0.869     2.034    clk_IBUF_BUFG
    SLICE_X3Y67          FDCE                                         r  slow_clk_reg/C
                         clock pessimism             -0.516     1.517    
    SLICE_X3Y67          FDCE (Hold_fdce_C_D)         0.107     1.624    slow_clk_reg
  -------------------------------------------------------------------
                         required time                         -1.624    
                         arrival time                           2.155    
  -------------------------------------------------------------------
                         slack                                  0.531    

Slack (MET) :             0.561ns  (arrival time - required time)
  Source:                 clk_cnt_reg[7]/C
                            (rising edge-triggered cell FDCE clocked by clk  {rise@0.000ns fall@5.000ns period=10.000ns})
  Destination:            clk_cnt_reg[7]/D
                            (rising edge-triggered cell FDCE clocked by clk  {rise@0.000ns fall@5.000ns period=10.000ns})
  Path Group:             clk
  Path Type:              Hold (Min at Fast Process Corner)
  Requirement:            0.000ns  (clk rise@0.000ns - clk rise@0.000ns)
  Data Path Delay:        0.682ns  (logic 0.383ns (56.179%)  route 0.299ns (43.821%))
  Logic Levels:           2  (CARRY4=1 LUT2=1)
  Clock Path Skew:        0.000ns (DCD - SCD - CPR)
    Destination Clock Delay (DCD):    2.034ns
    Source Clock Delay      (SCD):    1.517ns
    Clock Pessimism Removal (CPR):    0.516ns

    Location             Delay type                Incr(ns)  Path(ns)    Netlist Resource(s)
  -------------------------------------------------------------------    -------------------
                         (clock clk rise edge)        0.000     0.000 r  
    E3                                                0.000     0.000 r  clk (IN)
                         net (fo=0)                   0.000     0.000    clk
    E3                   IBUF (Prop_ibuf_I_O)         0.250     0.250 r  clk_IBUF_inst/O
                         net (fo=1, routed)           0.644     0.894    clk_IBUF
    BUFGCTRL_X0Y16       BUFG (Prop_bufg_I_O)         0.026     0.920 r  clk_IBUF_BUFG_inst/O
                         net (fo=27, routed)          0.598     1.517    clk_IBUF_BUFG
    SLICE_X2Y67          FDCE                                         r  clk_cnt_reg[7]/C
  -------------------------------------------------------------------    -------------------
    SLICE_X2Y67          FDCE (Prop_fdce_C_Q)         0.164     1.681 r  clk_cnt_reg[7]/Q
                         net (fo=2, routed)           0.105     1.787    clk_cnt_reg_n_0_[7]
    SLICE_X1Y67          CARRY4 (Prop_carry4_S[2]_O[2])
                                                      0.111     1.898 r  clk_cnt_reg[8]_i_2/O[2]
                         net (fo=1, routed)           0.193     2.091    data0[7]
    SLICE_X2Y67          LUT2 (Prop_lut2_I1_O)        0.108     2.199 r  clk_cnt[7]_i_1/O
                         net (fo=1, routed)           0.000     2.199    clk_cnt[7]
    SLICE_X2Y67          FDCE                                         r  clk_cnt_reg[7]/D
  -------------------------------------------------------------------    -------------------

                         (clock clk rise edge)        0.000     0.000 r  
    E3                                                0.000     0.000 r  clk (IN)
                         net (fo=0)                   0.000     0.000    clk
    E3                   IBUF (Prop_ibuf_I_O)         0.438     0.438 r  clk_IBUF_inst/O
                         net (fo=1, routed)           0.699     1.136    clk_IBUF
    BUFGCTRL_X0Y16       BUFG (Prop_bufg_I_O)         0.029     1.165 r  clk_IBUF_BUFG_inst/O
                         net (fo=27, routed)          0.869     2.034    clk_IBUF_BUFG
    SLICE_X2Y67          FDCE                                         r  clk_cnt_reg[7]/C
                         clock pessimism             -0.516     1.517    
    SLICE_X2Y67          FDCE (Hold_fdce_C_D)         0.121     1.638    clk_cnt_reg[7]
  -------------------------------------------------------------------
                         required time                         -1.638    
                         arrival time                           2.199    
  -------------------------------------------------------------------
                         slack                                  0.561    

Slack (MET) :             0.569ns  (arrival time - required time)
  Source:                 clk_cnt_reg[17]/C
                            (rising edge-triggered cell FDCE clocked by clk  {rise@0.000ns fall@5.000ns period=10.000ns})
  Destination:            clk_cnt_reg[5]/D
                            (rising edge-triggered cell FDCE clocked by clk  {rise@0.000ns fall@5.000ns period=10.000ns})
  Path Group:             clk
  Path Type:              Hold (Min at Fast Process Corner)
  Requirement:            0.000ns  (clk rise@0.000ns - clk rise@0.000ns)
  Data Path Delay:        0.716ns  (logic 0.319ns (44.579%)  route 0.397ns (55.421%))
  Logic Levels:           3  (LUT2=1 LUT4=1 LUT6=1)
  Clock Path Skew:        0.016ns (DCD - SCD - CPR)
    Destination Clock Delay (DCD):    2.034ns
    Source Clock Delay      (SCD):    1.515ns
    Clock Pessimism Removal (CPR):    0.502ns

    Location             Delay type                Incr(ns)  Path(ns)    Netlist Resource(s)
  -------------------------------------------------------------------    -------------------
                         (clock clk rise edge)        0.000     0.000 r  
    E3                                                0.000     0.000 r  clk (IN)
                         net (fo=0)                   0.000     0.000    clk
    E3                   IBUF (Prop_ibuf_I_O)         0.250     0.250 r  clk_IBUF_inst/O
                         net (fo=1, routed)           0.644     0.894    clk_IBUF
    BUFGCTRL_X0Y16       BUFG (Prop_bufg_I_O)         0.026     0.920 r  clk_IBUF_BUFG_inst/O
                         net (fo=27, routed)          0.596     1.515    clk_IBUF_BUFG
    SLICE_X0Y69          FDCE                                         r  clk_cnt_reg[17]/C
  -------------------------------------------------------------------    -------------------
    SLICE_X0Y69          FDCE (Prop_fdce_C_Q)         0.128     1.643 f  clk_cnt_reg[17]/Q
                         net (fo=2, routed)           0.119     1.762    clk_cnt_reg_n_0_[17]
    SLICE_X0Y69          LUT4 (Prop_lut4_I2_O)        0.098     1.860 r  clk_cnt[25]_i_4/O
                         net (fo=1, routed)           0.101     1.961    clk_cnt[25]_i_4_n_0
    SLICE_X2Y69          LUT6 (Prop_lut6_I0_O)        0.045     2.006 r  clk_cnt[25]_i_2/O
                         net (fo=26, routed)          0.177     2.183    clk_cnt[25]_i_2_n_0
    SLICE_X2Y67          LUT2 (Prop_lut2_I0_O)        0.048     2.231 r  clk_cnt[5]_i_1/O
                         net (fo=1, routed)           0.000     2.231    clk_cnt[5]
    SLICE_X2Y67          FDCE                                         r  clk_cnt_reg[5]/D
  -------------------------------------------------------------------    -------------------

                         (clock clk rise edge)        0.000     0.000 r  
    E3                                                0.000     0.000 r  clk (IN)
                         net (fo=0)                   0.000     0.000    clk
    E3                   IBUF (Prop_ibuf_I_O)         0.438     0.438 r  clk_IBUF_inst/O
                         net (fo=1, routed)           0.699     1.136    clk_IBUF
    BUFGCTRL_X0Y16       BUFG (Prop_bufg_I_O)         0.029     1.165 r  clk_IBUF_BUFG_inst/O
                         net (fo=27, routed)          0.869     2.034    clk_IBUF_BUFG
    SLICE_X2Y67          FDCE                                         r  clk_cnt_reg[5]/C
                         clock pessimism             -0.502     1.531    
    SLICE_X2Y67          FDCE (Hold_fdce_C_D)         0.131     1.662    clk_cnt_reg[5]
  -------------------------------------------------------------------
                         required time                         -1.662    
                         arrival time                           2.231    
  -------------------------------------------------------------------
                         slack                                  0.569    

Slack (MET) :             0.574ns  (arrival time - required time)
  Source:                 clk_cnt_reg[23]/C
                            (rising edge-triggered cell FDCE clocked by clk  {rise@0.000ns fall@5.000ns period=10.000ns})
  Destination:            clk_cnt_reg[24]/D
                            (rising edge-triggered cell FDCE clocked by clk  {rise@0.000ns fall@5.000ns period=10.000ns})
  Path Group:             clk
  Path Type:              Hold (Min at Fast Process Corner)
  Requirement:            0.000ns  (clk rise@0.000ns - clk rise@0.000ns)
  Data Path Delay:        0.681ns  (logic 0.393ns (57.733%)  route 0.288ns (42.267%))
  Logic Levels:           2  (CARRY4=1 LUT2=1)
  Clock Path Skew:        0.000ns (DCD - SCD - CPR)
    Destination Clock Delay (DCD):    2.030ns
    Source Clock Delay      (SCD):    1.513ns
    Clock Pessimism Removal (CPR):    0.516ns

    Location             Delay type                Incr(ns)  Path(ns)    Netlist Resource(s)
  -------------------------------------------------------------------    -------------------
                         (clock clk rise edge)        0.000     0.000 r  
    E3                                                0.000     0.000 r  clk (IN)
                         net (fo=0)                   0.000     0.000    clk
    E3                   IBUF (Prop_ibuf_I_O)         0.250     0.250 r  clk_IBUF_inst/O
                         net (fo=1, routed)           0.644     0.894    clk_IBUF
    BUFGCTRL_X0Y16       BUFG (Prop_bufg_I_O)         0.026     0.920 r  clk_IBUF_BUFG_inst/O
                         net (fo=27, routed)          0.594     1.513    clk_IBUF_BUFG
    SLICE_X0Y71          FDCE                                         r  clk_cnt_reg[23]/C
  -------------------------------------------------------------------    -------------------
    SLICE_X0Y71          FDCE (Prop_fdce_C_Q)         0.141     1.654 r  clk_cnt_reg[23]/Q
                         net (fo=2, routed)           0.062     1.716    clk_cnt_reg_n_0_[23]
    SLICE_X1Y71          CARRY4 (Prop_carry4_S[2]_O[3])
                                                      0.144     1.860 r  clk_cnt_reg[24]_i_2/O[3]
                         net (fo=1, routed)           0.226     2.086    data0[24]
    SLICE_X0Y71          LUT2 (Prop_lut2_I1_O)        0.108     2.194 r  clk_cnt[24]_i_1/O
                         net (fo=1, routed)           0.000     2.194    clk_cnt[24]
    SLICE_X0Y71          FDCE                                         r  clk_cnt_reg[24]/D
  -------------------------------------------------------------------    -------------------

                         (clock clk rise edge)        0.000     0.000 r  
    E3                                                0.000     0.000 r  clk (IN)
                         net (fo=0)                   0.000     0.000    clk
    E3                   IBUF (Prop_ibuf_I_O)         0.438     0.438 r  clk_IBUF_inst/O
                         net (fo=1, routed)           0.699     1.136    clk_IBUF
    BUFGCTRL_X0Y16       BUFG (Prop_bufg_I_O)         0.029     1.165 r  clk_IBUF_BUFG_inst/O
                         net (fo=27, routed)          0.865     2.030    clk_IBUF_BUFG
    SLICE_X0Y71          FDCE                                         r  clk_cnt_reg[24]/C
                         clock pessimism             -0.516     1.513    
    SLICE_X0Y71          FDCE (Hold_fdce_C_D)         0.107     1.620    clk_cnt_reg[24]
  -------------------------------------------------------------------
                         required time                         -1.620    
                         arrival time                           2.194    
  -------------------------------------------------------------------
                         slack                                  0.574    

Slack (MET) :             0.574ns  (arrival time - required time)
  Source:                 clk_cnt_reg[19]/C
                            (rising edge-triggered cell FDCE clocked by clk  {rise@0.000ns fall@5.000ns period=10.000ns})
  Destination:            clk_cnt_reg[20]/D
                            (rising edge-triggered cell FDCE clocked by clk  {rise@0.000ns fall@5.000ns period=10.000ns})
  Path Group:             clk
  Path Type:              Hold (Min at Fast Process Corner)
  Requirement:            0.000ns  (clk rise@0.000ns - clk rise@0.000ns)
  Data Path Delay:        0.681ns  (logic 0.393ns (57.733%)  route 0.288ns (42.267%))
  Logic Levels:           2  (CARRY4=1 LUT2=1)
  Clock Path Skew:        0.000ns (DCD - SCD - CPR)
    Destination Clock Delay (DCD):    2.031ns
    Source Clock Delay      (SCD):    1.514ns
    Clock Pessimism Removal (CPR):    0.516ns

    Location             Delay type                Incr(ns)  Path(ns)    Netlist Resource(s)
  -------------------------------------------------------------------    -------------------
                         (clock clk rise edge)        0.000     0.000 r  
    E3                                                0.000     0.000 r  clk (IN)
                         net (fo=0)                   0.000     0.000    clk
    E3                   IBUF (Prop_ibuf_I_O)         0.250     0.250 r  clk_IBUF_inst/O
                         net (fo=1, routed)           0.644     0.894    clk_IBUF
    BUFGCTRL_X0Y16       BUFG (Prop_bufg_I_O)         0.026     0.920 r  clk_IBUF_BUFG_inst/O
                         net (fo=27, routed)          0.595     1.514    clk_IBUF_BUFG
    SLICE_X0Y70          FDCE                                         r  clk_cnt_reg[19]/C
  -------------------------------------------------------------------    -------------------
    SLICE_X0Y70          FDCE (Prop_fdce_C_Q)         0.141     1.655 r  clk_cnt_reg[19]/Q
                         net (fo=2, routed)           0.062     1.717    clk_cnt_reg_n_0_[19]
    SLICE_X1Y70          CARRY4 (Prop_carry4_S[2]_O[3])
                                                      0.144     1.861 r  clk_cnt_reg[20]_i_2/O[3]
                         net (fo=1, routed)           0.226     2.087    data0[20]
    SLICE_X0Y70          LUT2 (Prop_lut2_I1_O)        0.108     2.195 r  clk_cnt[20]_i_1/O
                         net (fo=1, routed)           0.000     2.195    clk_cnt[20]
    SLICE_X0Y70          FDCE                                         r  clk_cnt_reg[20]/D
  -------------------------------------------------------------------    -------------------

                         (clock clk rise edge)        0.000     0.000 r  
    E3                                                0.000     0.000 r  clk (IN)
                         net (fo=0)                   0.000     0.000    clk
    E3                   IBUF (Prop_ibuf_I_O)         0.438     0.438 r  clk_IBUF_inst/O
                         net (fo=1, routed)           0.699     1.136    clk_IBUF
    BUFGCTRL_X0Y16       BUFG (Prop_bufg_I_O)         0.029     1.165 r  clk_IBUF_BUFG_inst/O
                         net (fo=27, routed)          0.866     2.031    clk_IBUF_BUFG
    SLICE_X0Y70          FDCE                                         r  clk_cnt_reg[20]/C
                         clock pessimism             -0.516     1.514    
    SLICE_X0Y70          FDCE (Hold_fdce_C_D)         0.107     1.621    clk_cnt_reg[20]
  -------------------------------------------------------------------
                         required time                         -1.621    
                         arrival time                           2.195    
  -------------------------------------------------------------------
                         slack                                  0.574    

Slack (MET) :             0.576ns  (arrival time - required time)
  Source:                 clk_cnt_reg[17]/C
                            (rising edge-triggered cell FDCE clocked by clk  {rise@0.000ns fall@5.000ns period=10.000ns})
  Destination:            clk_cnt_reg[4]/D
                            (rising edge-triggered cell FDCE clocked by clk  {rise@0.000ns fall@5.000ns period=10.000ns})
  Path Group:             clk
  Path Type:              Hold (Min at Fast Process Corner)
  Requirement:            0.000ns  (clk rise@0.000ns - clk rise@0.000ns)
  Data Path Delay:        0.713ns  (logic 0.316ns (44.346%)  route 0.397ns (55.654%))
  Logic Levels:           3  (LUT2=1 LUT4=1 LUT6=1)
  Clock Path Skew:        0.016ns (DCD - SCD - CPR)
    Destination Clock Delay (DCD):    2.034ns
    Source Clock Delay      (SCD):    1.515ns
    Clock Pessimism Removal (CPR):    0.502ns

    Location             Delay type                Incr(ns)  Path(ns)    Netlist Resource(s)
  -------------------------------------------------------------------    -------------------
                         (clock clk rise edge)        0.000     0.000 r  
    E3                                                0.000     0.000 r  clk (IN)
                         net (fo=0)                   0.000     0.000    clk
    E3                   IBUF (Prop_ibuf_I_O)         0.250     0.250 r  clk_IBUF_inst/O
                         net (fo=1, routed)           0.644     0.894    clk_IBUF
    BUFGCTRL_X0Y16       BUFG (Prop_bufg_I_O)         0.026     0.920 r  clk_IBUF_BUFG_inst/O
                         net (fo=27, routed)          0.596     1.515    clk_IBUF_BUFG
    SLICE_X0Y69          FDCE                                         r  clk_cnt_reg[17]/C
  -------------------------------------------------------------------    -------------------
    SLICE_X0Y69          FDCE (Prop_fdce_C_Q)         0.128     1.643 f  clk_cnt_reg[17]/Q
                         net (fo=2, routed)           0.119     1.762    clk_cnt_reg_n_0_[17]
    SLICE_X0Y69          LUT4 (Prop_lut4_I2_O)        0.098     1.860 r  clk_cnt[25]_i_4/O
                         net (fo=1, routed)           0.101     1.961    clk_cnt[25]_i_4_n_0
    SLICE_X2Y69          LUT6 (Prop_lut6_I0_O)        0.045     2.006 r  clk_cnt[25]_i_2/O
                         net (fo=26, routed)          0.177     2.183    clk_cnt[25]_i_2_n_0
    SLICE_X2Y67          LUT2 (Prop_lut2_I0_O)        0.045     2.228 r  clk_cnt[4]_i_1/O
                         net (fo=1, routed)           0.000     2.228    clk_cnt[4]
    SLICE_X2Y67          FDCE                                         r  clk_cnt_reg[4]/D
  -------------------------------------------------------------------    -------------------

                         (clock clk rise edge)        0.000     0.000 r  
    E3                                                0.000     0.000 r  clk (IN)
                         net (fo=0)                   0.000     0.000    clk
    E3                   IBUF (Prop_ibuf_I_O)         0.438     0.438 r  clk_IBUF_inst/O
                         net (fo=1, routed)           0.699     1.136    clk_IBUF
    BUFGCTRL_X0Y16       BUFG (Prop_bufg_I_O)         0.029     1.165 r  clk_IBUF_BUFG_inst/O
                         net (fo=27, routed)          0.869     2.034    clk_IBUF_BUFG
    SLICE_X2Y67          FDCE                                         r  clk_cnt_reg[4]/C
                         clock pessimism             -0.502     1.531    
    SLICE_X2Y67          FDCE (Hold_fdce_C_D)         0.121     1.652    clk_cnt_reg[4]
  -------------------------------------------------------------------
                         required time                         -1.652    
                         arrival time                           2.228    
  -------------------------------------------------------------------
                         slack                                  0.576    

Slack (MET) :             0.603ns  (arrival time - required time)
  Source:                 clk_cnt_reg[11]/C
                            (rising edge-triggered cell FDCE clocked by clk  {rise@0.000ns fall@5.000ns period=10.000ns})
  Destination:            clk_cnt_reg[12]/D
                            (rising edge-triggered cell FDCE clocked by clk  {rise@0.000ns fall@5.000ns period=10.000ns})
  Path Group:             clk
  Path Type:              Hold (Min at Fast Process Corner)
  Requirement:            0.000ns  (clk rise@0.000ns - clk rise@0.000ns)
  Data Path Delay:        0.734ns  (logic 0.416ns (56.686%)  route 0.318ns (43.314%))
  Logic Levels:           2  (CARRY4=1 LUT2=1)
  Clock Path Skew:        0.000ns (DCD - SCD - CPR)
    Destination Clock Delay (DCD):    2.033ns
    Source Clock Delay      (SCD):    1.516ns
    Clock Pessimism Removal (CPR):    0.516ns

    Location             Delay type                Incr(ns)  Path(ns)    Netlist Resource(s)
  -------------------------------------------------------------------    -------------------
                         (clock clk rise edge)        0.000     0.000 r  
    E3                                                0.000     0.000 r  clk (IN)
                         net (fo=0)                   0.000     0.000    clk
    E3                   IBUF (Prop_ibuf_I_O)         0.250     0.250 r  clk_IBUF_inst/O
                         net (fo=1, routed)           0.644     0.894    clk_IBUF
    BUFGCTRL_X0Y16       BUFG (Prop_bufg_I_O)         0.026     0.920 r  clk_IBUF_BUFG_inst/O
                         net (fo=27, routed)          0.597     1.516    clk_IBUF_BUFG
    SLICE_X2Y68          FDCE                                         r  clk_cnt_reg[11]/C
  -------------------------------------------------------------------    -------------------
    SLICE_X2Y68          FDCE (Prop_fdce_C_Q)         0.164     1.680 r  clk_cnt_reg[11]/Q
                         net (fo=2, routed)           0.106     1.787    clk_cnt_reg_n_0_[11]
    SLICE_X1Y68          CARRY4 (Prop_carry4_S[2]_O[3])
                                                      0.144     1.931 r  clk_cnt_reg[12]_i_2/O[3]
                         net (fo=1, routed)           0.212     2.142    data0[12]
    SLICE_X2Y68          LUT2 (Prop_lut2_I1_O)        0.108     2.250 r  clk_cnt[12]_i_1/O
                         net (fo=1, routed)           0.000     2.250    clk_cnt[12]
    SLICE_X2Y68          FDCE                                         r  clk_cnt_reg[12]/D
  -------------------------------------------------------------------    -------------------

                         (clock clk rise edge)        0.000     0.000 r  
    E3                                                0.000     0.000 r  clk (IN)
                         net (fo=0)                   0.000     0.000    clk
    E3                   IBUF (Prop_ibuf_I_O)         0.438     0.438 r  clk_IBUF_inst/O
                         net (fo=1, routed)           0.699     1.136    clk_IBUF
    BUFGCTRL_X0Y16       BUFG (Prop_bufg_I_O)         0.029     1.165 r  clk_IBUF_BUFG_inst/O
                         net (fo=27, routed)          0.868     2.033    clk_IBUF_BUFG
    SLICE_X2Y68          FDCE                                         r  clk_cnt_reg[12]/C
                         clock pessimism             -0.516     1.516    
    SLICE_X2Y68          FDCE (Hold_fdce_C_D)         0.131     1.647    clk_cnt_reg[12]
  -------------------------------------------------------------------
                         required time                         -1.647    
                         arrival time                           2.250    
  -------------------------------------------------------------------
                         slack                                  0.603    





Pulse Width Checks
--------------------------------------------------------------------------------------
Clock Name:         clk
Waveform(ns):       { 0.000 5.000 }
Period(ns):         10.000
Sources:            { clk }

Check Type        Corner  Lib Pin  Reference Pin  Required(ns)  Actual(ns)  Slack(ns)  Location        Pin
Min Period        n/a     BUFG/I   n/a            2.155         10.000      7.845      BUFGCTRL_X0Y16  clk_IBUF_BUFG_inst/I
Min Period        n/a     FDCE/C   n/a            1.000         10.000      9.000      SLICE_X0Y70     clk_cnt_reg[0]/C
Min Period        n/a     FDCE/C   n/a            1.000         10.000      9.000      SLICE_X0Y69     clk_cnt_reg[10]/C
Min Period        n/a     FDCE/C   n/a            1.000         10.000      9.000      SLICE_X2Y68     clk_cnt_reg[11]/C
Min Period        n/a     FDCE/C   n/a            1.000         10.000      9.000      SLICE_X2Y68     clk_cnt_reg[12]/C
Min Period        n/a     FDCE/C   n/a            1.000         10.000      9.000      SLICE_X0Y69     clk_cnt_reg[13]/C
Min Period        n/a     FDCE/C   n/a            1.000         10.000      9.000      SLICE_X0Y69     clk_cnt_reg[14]/C
Min Period        n/a     FDCE/C   n/a            1.000         10.000      9.000      SLICE_X0Y69     clk_cnt_reg[15]/C
Min Period        n/a     FDCE/C   n/a            1.000         10.000      9.000      SLICE_X0Y69     clk_cnt_reg[16]/C
Min Period        n/a     FDCE/C   n/a            1.000         10.000      9.000      SLICE_X0Y69     clk_cnt_reg[17]/C
Low Pulse Width   Slow    FDCE/C   n/a            0.500         5.000       4.500      SLICE_X0Y70     clk_cnt_reg[0]/C
Low Pulse Width   Fast    FDCE/C   n/a            0.500         5.000       4.500      SLICE_X0Y70     clk_cnt_reg[0]/C
Low Pulse Width   Slow    FDCE/C   n/a            0.500         5.000       4.500      SLICE_X0Y69     clk_cnt_reg[10]/C
Low Pulse Width   Fast    FDCE/C   n/a            0.500         5.000       4.500      SLICE_X0Y69     clk_cnt_reg[10]/C
Low Pulse Width   Slow    FDCE/C   n/a            0.500         5.000       4.500      SLICE_X2Y68     clk_cnt_reg[11]/C
Low Pulse Width   Fast    FDCE/C   n/a            0.500         5.000       4.500      SLICE_X2Y68     clk_cnt_reg[11]/C
Low Pulse Width   Slow    FDCE/C   n/a            0.500         5.000       4.500      SLICE_X2Y68     clk_cnt_reg[12]/C
Low Pulse Width   Fast    FDCE/C   n/a            0.500         5.000       4.500      SLICE_X2Y68     clk_cnt_reg[12]/C
Low Pulse Width   Slow    FDCE/C   n/a            0.500         5.000       4.500      SLICE_X0Y69     clk_cnt_reg[13]/C
Low Pulse Width   Fast    FDCE/C   n/a            0.500         5.000       4.500      SLICE_X0Y69     clk_cnt_reg[13]/C
High Pulse Width  Slow    FDCE/C   n/a            0.500         5.000       4.500      SLICE_X0Y70     clk_cnt_reg[0]/C
High Pulse Width  Fast    FDCE/C   n/a            0.500         5.000       4.500      SLICE_X0Y70     clk_cnt_reg[0]/C
High Pulse Width  Slow    FDCE/C   n/a            0.500         5.000       4.500      SLICE_X0Y69     clk_cnt_reg[10]/C
High Pulse Width  Fast    FDCE/C   n/a            0.500         5.000       4.500      SLICE_X0Y69     clk_cnt_reg[10]/C
High Pulse Width  Slow    FDCE/C   n/a            0.500         5.000       4.500      SLICE_X2Y68     clk_cnt_reg[11]/C
High Pulse Width  Fast    FDCE/C   n/a            0.500         5.000       4.500      SLICE_X2Y68     clk_cnt_reg[11]/C
High Pulse Width  Slow    FDCE/C   n/a            0.500         5.000       4.500      SLICE_X2Y68     clk_cnt_reg[12]/C
High Pulse Width  Fast    FDCE/C   n/a            0.500         5.000       4.500      SLICE_X2Y68     clk_cnt_reg[12]/C
High Pulse Width  Slow    FDCE/C   n/a            0.500         5.000       4.500      SLICE_X0Y69     clk_cnt_reg[13]/C
High Pulse Width  Fast    FDCE/C   n/a            0.500         5.000       4.500      SLICE_X0Y69     clk_cnt_reg[13]/C



--------------------------------------------------------------------------------------
Path Group:  (none)
From Clock:  
  To Clock:  

Max Delay            58 Endpoints
Min Delay            58 Endpoints
--------------------------------------------------------------------------------------


Max Delay Paths
--------------------------------------------------------------------------------------
Slack:                    inf
  Source:                 pipe_u/fetch_pc_reg[2]/C
                            (rising edge-triggered cell FDCE)
  Destination:            led[2]
                            (output port)
  Path Group:             (none)
  Path Type:              Max at Slow Process Corner
  Data Path Delay:        7.477ns  (logic 4.184ns (55.951%)  route 3.294ns (44.049%))
  Logic Levels:           2  (FDCE=1 OBUF=1)

    Location             Delay type                Incr(ns)  Path(ns)    Netlist Resource(s)
  -------------------------------------------------------------------    -------------------
    SLICE_X0Y65          FDCE                         0.000     0.000 r  pipe_u/fetch_pc_reg[2]/C
    SLICE_X0Y65          FDCE (Prop_fdce_C_Q)         0.631     0.631 r  pipe_u/fetch_pc_reg[2]/Q
                         net (fo=3, routed)           3.294     3.925    led_OBUF[2]
    J13                  OBUF (Prop_obuf_I_O)         3.553     7.477 r  led_OBUF[2]_inst/O
                         net (fo=0)                   0.000     7.477    led[2]
    J13                                                               r  led[2] (OUT)
  -------------------------------------------------------------------    -------------------

Slack:                    inf
  Source:                 pipe_u/fetch_pc_reg[4]/C
                            (rising edge-triggered cell FDCE)
  Destination:            led[4]
                            (output port)
  Path Group:             (none)
  Path Type:              Max at Slow Process Corner
  Data Path Delay:        6.802ns  (logic 4.183ns (61.495%)  route 2.619ns (38.505%))
  Logic Levels:           2  (FDCE=1 OBUF=1)

    Location             Delay type                Incr(ns)  Path(ns)    Netlist Resource(s)
  -------------------------------------------------------------------    -------------------
    SLICE_X0Y65          FDCE                         0.000     0.000 r  pipe_u/fetch_pc_reg[4]/C
    SLICE_X0Y65          FDCE (Prop_fdce_C_Q)         0.631     0.631 r  pipe_u/fetch_pc_reg[4]/Q
                         net (fo=2, routed)           2.619     3.250    led_OBUF[4]
    R18                  OBUF (Prop_obuf_I_O)         3.552     6.802 r  led_OBUF[4]_inst/O
                         net (fo=0)                   0.000     6.802    led[4]
    R18                                                               r  led[4] (OUT)
  -------------------------------------------------------------------    -------------------

Slack:                    inf
  Source:                 pipe_u/fetch_pc_reg[3]/C
                            (rising edge-triggered cell FDCE)
  Destination:            led[3]
                            (output port)
  Path Group:             (none)
  Path Type:              Max at Slow Process Corner
  Data Path Delay:        6.502ns  (logic 4.182ns (64.312%)  route 2.320ns (35.688%))
  Logic Levels:           2  (FDCE=1 OBUF=1)

    Location             Delay type                Incr(ns)  Path(ns)    Netlist Resource(s)
  -------------------------------------------------------------------    -------------------
    SLICE_X0Y65          FDCE                         0.000     0.000 r  pipe_u/fetch_pc_reg[3]/C
    SLICE_X0Y65          FDCE (Prop_fdce_C_Q)         0.631     0.631 r  pipe_u/fetch_pc_reg[3]/Q
                         net (fo=2, routed)           2.320     2.951    led_OBUF[3]
    N14                  OBUF (Prop_obuf_I_O)         3.551     6.502 r  led_OBUF[3]_inst/O
                         net (fo=0)                   0.000     6.502    led[3]
    N14                                                               r  led[3] (OUT)
  -------------------------------------------------------------------    -------------------

Slack:                    inf
  Source:                 pipe_u/fetch_pc_reg[15]/C
                            (rising edge-triggered cell FDCE)
  Destination:            led[15]
                            (output port)
  Path Group:             (none)
  Path Type:              Max at Slow Process Corner
  Data Path Delay:        6.286ns  (logic 4.200ns (66.813%)  route 2.086ns (33.187%))
  Logic Levels:           2  (FDCE=1 OBUF=1)

    Location             Delay type                Incr(ns)  Path(ns)    Netlist Resource(s)
  -------------------------------------------------------------------    -------------------
    SLICE_X0Y68          FDCE                         0.000     0.000 r  pipe_u/fetch_pc_reg[15]/C
    SLICE_X0Y68          FDCE (Prop_fdce_C_Q)         0.631     0.631 r  pipe_u/fetch_pc_reg[15]/Q
                         net (fo=2, routed)           2.086     2.717    led_OBUF[15]
    V11                  OBUF (Prop_obuf_I_O)         3.569     6.286 r  led_OBUF[15]_inst/O
                         net (fo=0)                   0.000     6.286    led[15]
    V11                                                               r  led[15] (OUT)
  -------------------------------------------------------------------    -------------------

Slack:                    inf
  Source:                 pipe_u/fetch_pc_reg[13]/C
                            (rising edge-triggered cell FDCE)
  Destination:            led[13]
                            (output port)
  Path Group:             (none)
  Path Type:              Max at Slow Process Corner
  Data Path Delay:        6.281ns  (logic 4.185ns (66.633%)  route 2.096ns (33.367%))
  Logic Levels:           2  (FDCE=1 OBUF=1)

    Location             Delay type                Incr(ns)  Path(ns)    Netlist Resource(s)
  -------------------------------------------------------------------    -------------------
    SLICE_X0Y68          FDCE                         0.000     0.000 r  pipe_u/fetch_pc_reg[13]/C
    SLICE_X0Y68          FDCE (Prop_fdce_C_Q)         0.631     0.631 r  pipe_u/fetch_pc_reg[13]/Q
                         net (fo=2, routed)           2.096     2.727    led_OBUF[13]
    V14                  OBUF (Prop_obuf_I_O)         3.554     6.281 r  led_OBUF[13]_inst/O
                         net (fo=0)                   0.000     6.281    led[13]
    V14                                                               r  led[13] (OUT)
  -------------------------------------------------------------------    -------------------

Slack:                    inf
  Source:                 pipe_u/fetch_pc_reg[14]/C
                            (rising edge-triggered cell FDCE)
  Destination:            led[14]
                            (output port)
  Path Group:             (none)
  Path Type:              Max at Slow Process Corner
  Data Path Delay:        6.235ns  (logic 4.201ns (67.382%)  route 2.034ns (32.618%))
  Logic Levels:           2  (FDCE=1 OBUF=1)

    Location             Delay type                Incr(ns)  Path(ns)    Netlist Resource(s)
  -------------------------------------------------------------------    -------------------
    SLICE_X0Y68          FDCE                         0.000     0.000 r  pipe_u/fetch_pc_reg[14]/C
    SLICE_X0Y68          FDCE (Prop_fdce_C_Q)         0.631     0.631 r  pipe_u/fetch_pc_reg[14]/Q
                         net (fo=2, routed)           2.034     2.665    led_OBUF[14]
    V12                  OBUF (Prop_obuf_I_O)         3.570     6.235 r  led_OBUF[14]_inst/O
                         net (fo=0)                   0.000     6.235    led[14]
    V12                                                               r  led[14] (OUT)
  -------------------------------------------------------------------    -------------------

Slack:                    inf
  Source:                 pipe_u/fetch_pc_reg[10]/C
                            (rising edge-triggered cell FDCE)
  Destination:            led[10]
                            (output port)
  Path Group:             (none)
  Path Type:              Max at Slow Process Corner
  Data Path Delay:        6.116ns  (logic 4.183ns (68.401%)  route 1.933ns (31.599%))
  Logic Levels:           2  (FDCE=1 OBUF=1)

    Location             Delay type                Incr(ns)  Path(ns)    Netlist Resource(s)
  -------------------------------------------------------------------    -------------------
    SLICE_X0Y67          FDCE                         0.000     0.000 r  pipe_u/fetch_pc_reg[10]/C
    SLICE_X0Y67          FDCE (Prop_fdce_C_Q)         0.631     0.631 r  pipe_u/fetch_pc_reg[10]/Q
                         net (fo=2, routed)           1.933     2.564    led_OBUF[10]
    U14                  OBUF (Prop_obuf_I_O)         3.552     6.116 r  led_OBUF[10]_inst/O
                         net (fo=0)                   0.000     6.116    led[10]
    U14                                                               r  led[10] (OUT)
  -------------------------------------------------------------------    -------------------

Slack:                    inf
  Source:                 pipe_u/fetch_pc_reg[12]/C
                            (rising edge-triggered cell FDCE)
  Destination:            led[12]
                            (output port)
  Path Group:             (none)
  Path Type:              Max at Slow Process Corner
  Data Path Delay:        6.028ns  (logic 4.183ns (69.393%)  route 1.845ns (30.607%))
  Logic Levels:           2  (FDCE=1 OBUF=1)

    Location             Delay type                Incr(ns)  Path(ns)    Netlist Resource(s)
  -------------------------------------------------------------------    -------------------
    SLICE_X0Y67          FDCE                         0.000     0.000 r  pipe_u/fetch_pc_reg[12]/C
    SLICE_X0Y67          FDCE (Prop_fdce_C_Q)         0.631     0.631 r  pipe_u/fetch_pc_reg[12]/Q
                         net (fo=2, routed)           1.845     2.476    led_OBUF[12]
    V15                  OBUF (Prop_obuf_I_O)         3.552     6.028 r  led_OBUF[12]_inst/O
                         net (fo=0)                   0.000     6.028    led[12]
    V15                                                               r  led[12] (OUT)
  -------------------------------------------------------------------    -------------------

Slack:                    inf
  Source:                 pipe_u/fetch_pc_reg[8]/C
                            (rising edge-triggered cell FDCE)
  Destination:            led[8]
                            (output port)
  Path Group:             (none)
  Path Type:              Max at Slow Process Corner
  Data Path Delay:        6.023ns  (logic 4.179ns (69.372%)  route 1.845ns (30.628%))
  Logic Levels:           2  (FDCE=1 OBUF=1)

    Location             Delay type                Incr(ns)  Path(ns)    Netlist Resource(s)
  -------------------------------------------------------------------    -------------------
    SLICE_X0Y66          FDCE                         0.000     0.000 r  pipe_u/fetch_pc_reg[8]/C
    SLICE_X0Y66          FDCE (Prop_fdce_C_Q)         0.631     0.631 r  pipe_u/fetch_pc_reg[8]/Q
                         net (fo=2, routed)           1.845     2.476    led_OBUF[8]
    V16                  OBUF (Prop_obuf_I_O)         3.548     6.023 r  led_OBUF[8]_inst/O
                         net (fo=0)                   0.000     6.023    led[8]
    V16                                                               r  led[8] (OUT)
  -------------------------------------------------------------------    -------------------

Slack:                    inf
  Source:                 pipe_u/fetch_pc_reg[7]/C
                            (rising edge-triggered cell FDCE)
  Destination:            led[7]
                            (output port)
  Path Group:             (none)
  Path Type:              Max at Slow Process Corner
  Data Path Delay:        6.008ns  (logic 4.186ns (69.673%)  route 1.822ns (30.327%))
  Logic Levels:           2  (FDCE=1 OBUF=1)

    Location             Delay type                Incr(ns)  Path(ns)    Netlist Resource(s)
  -------------------------------------------------------------------    -------------------
    SLICE_X0Y66          FDCE                         0.000     0.000 r  pipe_u/fetch_pc_reg[7]/C
    SLICE_X0Y66          FDCE (Prop_fdce_C_Q)         0.631     0.631 r  pipe_u/fetch_pc_reg[7]/Q
                         net (fo=2, routed)           1.822     2.453    led_OBUF[7]
    U16                  OBUF (Prop_obuf_I_O)         3.555     6.008 r  led_OBUF[7]_inst/O
                         net (fo=0)                   0.000     6.008    led[7]
    U16                                                               r  led[7] (OUT)
  -------------------------------------------------------------------    -------------------





Min Delay Paths
--------------------------------------------------------------------------------------
Slack:                    inf
  Source:                 pipe_u/fetch_pc_reg[2]/C
                            (rising edge-triggered cell FDCE)
  Destination:            pipe_u/fetch_pc_reg[3]/D
  Path Group:             (none)
  Path Type:              Min at Fast Process Corner
  Data Path Delay:        0.424ns  (logic 0.341ns (80.388%)  route 0.083ns (19.612%))
  Logic Levels:           2  (CARRY4=1 FDCE=1)

    Location             Delay type                Incr(ns)  Path(ns)    Netlist Resource(s)
  -------------------------------------------------------------------    -------------------
    SLICE_X0Y65          FDCE                         0.000     0.000 r  pipe_u/fetch_pc_reg[2]/C
    SLICE_X0Y65          FDCE (Prop_fdce_C_Q)         0.195     0.195 r  pipe_u/fetch_pc_reg[2]/Q
                         net (fo=3, routed)           0.083     0.278    pipe_u/execute/pc_out[0]
    SLICE_X0Y65          CARRY4 (Prop_carry4_DI[1]_O[2])
                                                      0.146     0.424 r  pipe_u/execute/fetch_pc_reg[4]_i_1/O[2]
                         net (fo=1, routed)           0.000     0.424    pipe_u/next_pc[3]
    SLICE_X0Y65          FDCE                                         r  pipe_u/fetch_pc_reg[3]/D
  -------------------------------------------------------------------    -------------------

Slack:                    inf
  Source:                 pipe_u/fetch_pc_reg[7]/C
                            (rising edge-triggered cell FDCE)
  Destination:            pipe_u/fetch_pc_reg[7]/D
  Path Group:             (none)
  Path Type:              Min at Fast Process Corner
  Data Path Delay:        0.440ns  (logic 0.306ns (69.600%)  route 0.134ns (30.400%))
  Logic Levels:           2  (CARRY4=1 FDCE=1)

    Location             Delay type                Incr(ns)  Path(ns)    Netlist Resource(s)
  -------------------------------------------------------------------    -------------------
    SLICE_X0Y66          FDCE                         0.000     0.000 r  pipe_u/fetch_pc_reg[7]/C
    SLICE_X0Y66          FDCE (Prop_fdce_C_Q)         0.195     0.195 r  pipe_u/fetch_pc_reg[7]/Q
                         net (fo=2, routed)           0.134     0.329    pipe_u/execute/pc_out[5]
    SLICE_X0Y66          CARRY4 (Prop_carry4_S[2]_O[2])
                                                      0.111     0.440 r  pipe_u/execute/fetch_pc_reg[8]_i_1/O[2]
                         net (fo=1, routed)           0.000     0.440    pipe_u/next_pc[7]
    SLICE_X0Y66          FDCE                                         r  pipe_u/fetch_pc_reg[7]/D
  -------------------------------------------------------------------    -------------------

Slack:                    inf
  Source:                 pipe_u/fetch_pc_reg[15]/C
                            (rising edge-triggered cell FDCE)
  Destination:            pipe_u/fetch_pc_reg[15]/D
  Path Group:             (none)
  Path Type:              Min at Fast Process Corner
  Data Path Delay:        0.442ns  (logic 0.306ns (69.258%)  route 0.136ns (30.742%))
  Logic Levels:           2  (CARRY4=1 FDCE=1)

    Location             Delay type                Incr(ns)  Path(ns)    Netlist Resource(s)
  -------------------------------------------------------------------    -------------------
    SLICE_X0Y68          FDCE                         0.000     0.000 r  pipe_u/fetch_pc_reg[15]/C
    SLICE_X0Y68          FDCE (Prop_fdce_C_Q)         0.195     0.195 r  pipe_u/fetch_pc_reg[15]/Q
                         net (fo=2, routed)           0.136     0.331    pipe_u/execute/pc_out[13]
    SLICE_X0Y68          CARRY4 (Prop_carry4_S[2]_O[2])
                                                      0.111     0.442 r  pipe_u/execute/fetch_pc_reg[15]_i_2/O[2]
                         net (fo=1, routed)           0.000     0.442    pipe_u/next_pc[15]
    SLICE_X0Y68          FDCE                                         r  pipe_u/fetch_pc_reg[15]/D
  -------------------------------------------------------------------    -------------------

Slack:                    inf
  Source:                 pipe_u/fetch_pc_reg[2]/C
                            (rising edge-triggered cell FDCE)
  Destination:            pipe_u/fetch_pc_reg[4]/D
  Path Group:             (none)
  Path Type:              Min at Fast Process Corner
  Data Path Delay:        0.445ns  (logic 0.362ns (81.313%)  route 0.083ns (18.687%))
  Logic Levels:           2  (CARRY4=1 FDCE=1)

    Location             Delay type                Incr(ns)  Path(ns)    Netlist Resource(s)
  -------------------------------------------------------------------    -------------------
    SLICE_X0Y65          FDCE                         0.000     0.000 r  pipe_u/fetch_pc_reg[2]/C
    SLICE_X0Y65          FDCE (Prop_fdce_C_Q)         0.195     0.195 r  pipe_u/fetch_pc_reg[2]/Q
                         net (fo=3, routed)           0.083     0.278    pipe_u/execute/pc_out[0]
    SLICE_X0Y65          CARRY4 (Prop_carry4_DI[1]_O[3])
                                                      0.167     0.445 r  pipe_u/execute/fetch_pc_reg[4]_i_1/O[3]
                         net (fo=1, routed)           0.000     0.445    pipe_u/next_pc[4]
    SLICE_X0Y65          FDCE                                         r  pipe_u/fetch_pc_reg[4]/D
  -------------------------------------------------------------------    -------------------

Slack:                    inf
  Source:                 pipe_u/fetch_pc_reg[7]/C
                            (rising edge-triggered cell FDCE)
  Destination:            pipe_u/fetch_pc_reg[8]/D
  Path Group:             (none)
  Path Type:              Min at Fast Process Corner
  Data Path Delay:        0.473ns  (logic 0.339ns (71.722%)  route 0.134ns (28.278%))
  Logic Levels:           2  (CARRY4=1 FDCE=1)

    Location             Delay type                Incr(ns)  Path(ns)    Netlist Resource(s)
  -------------------------------------------------------------------    -------------------
    SLICE_X0Y66          FDCE                         0.000     0.000 r  pipe_u/fetch_pc_reg[7]/C
    SLICE_X0Y66          FDCE (Prop_fdce_C_Q)         0.195     0.195 r  pipe_u/fetch_pc_reg[7]/Q
                         net (fo=2, routed)           0.134     0.329    pipe_u/execute/pc_out[5]
    SLICE_X0Y66          CARRY4 (Prop_carry4_S[2]_O[3])
                                                      0.144     0.473 r  pipe_u/execute/fetch_pc_reg[8]_i_1/O[3]
                         net (fo=1, routed)           0.000     0.473    pipe_u/next_pc[8]
    SLICE_X0Y66          FDCE                                         r  pipe_u/fetch_pc_reg[8]/D
  -------------------------------------------------------------------    -------------------

Slack:                    inf
  Source:                 pipe_u/fetch_pc_reg[2]/C
                            (rising edge-triggered cell FDCE)
  Destination:            pipe_u/fetch_pc_reg[5]/D
  Path Group:             (none)
  Path Type:              Min at Fast Process Corner
  Data Path Delay:        0.479ns  (logic 0.396ns (82.639%)  route 0.083ns (17.361%))
  Logic Levels:           3  (CARRY4=2 FDCE=1)

    Location             Delay type                Incr(ns)  Path(ns)    Netlist Resource(s)
  -------------------------------------------------------------------    -------------------
    SLICE_X0Y65          FDCE                         0.000     0.000 r  pipe_u/fetch_pc_reg[2]/C
    SLICE_X0Y65          FDCE (Prop_fdce_C_Q)         0.195     0.195 r  pipe_u/fetch_pc_reg[2]/Q
                         net (fo=3, routed)           0.083     0.278    pipe_u/execute/pc_out[0]
    SLICE_X0Y65          CARRY4 (Prop_carry4_DI[1]_CO[3])
                                                      0.147     0.425 r  pipe_u/execute/fetch_pc_reg[4]_i_1/CO[3]
                         net (fo=1, routed)           0.000     0.425    pipe_u/execute/fetch_pc_reg[4]_i_1_n_0
    SLICE_X0Y66          CARRY4 (Prop_carry4_CI_O[0])
                                                      0.054     0.479 r  pipe_u/execute/fetch_pc_reg[8]_i_1/O[0]
                         net (fo=1, routed)           0.000     0.479    pipe_u/next_pc[5]
    SLICE_X0Y66          FDCE                                         r  pipe_u/fetch_pc_reg[5]/D
  -------------------------------------------------------------------    -------------------

Slack:                    inf
  Source:                 pipe_u/fetch_pc_reg[13]/C
                            (rising edge-triggered cell FDCE)
  Destination:            pipe_u/fetch_pc_reg[13]/D
  Path Group:             (none)
  Path Type:              Min at Fast Process Corner
  Data Path Delay:        0.501ns  (logic 0.310ns (61.900%)  route 0.191ns (38.100%))
  Logic Levels:           2  (CARRY4=1 FDCE=1)

    Location             Delay type                Incr(ns)  Path(ns)    Netlist Resource(s)
  -------------------------------------------------------------------    -------------------
    SLICE_X0Y68          FDCE                         0.000     0.000 r  pipe_u/fetch_pc_reg[13]/C
    SLICE_X0Y68          FDCE (Prop_fdce_C_Q)         0.195     0.195 r  pipe_u/fetch_pc_reg[13]/Q
                         net (fo=2, routed)           0.191     0.386    pipe_u/execute/pc_out[11]
    SLICE_X0Y68          CARRY4 (Prop_carry4_S[0]_O[0])
                                                      0.115     0.501 r  pipe_u/execute/fetch_pc_reg[15]_i_2/O[0]
                         net (fo=1, routed)           0.000     0.501    pipe_u/next_pc[13]
    SLICE_X0Y68          FDCE                                         r  pipe_u/fetch_pc_reg[13]/D
  -------------------------------------------------------------------    -------------------

Slack:                    inf
  Source:                 pipe_u/fetch_pc_reg[9]/C
                            (rising edge-triggered cell FDCE)
  Destination:            pipe_u/fetch_pc_reg[9]/D
  Path Group:             (none)
  Path Type:              Min at Fast Process Corner
  Data Path Delay:        0.501ns  (logic 0.310ns (61.900%)  route 0.191ns (38.100%))
  Logic Levels:           2  (CARRY4=1 FDCE=1)

    Location             Delay type                Incr(ns)  Path(ns)    Netlist Resource(s)
  -------------------------------------------------------------------    -------------------
    SLICE_X0Y67          FDCE                         0.000     0.000 r  pipe_u/fetch_pc_reg[9]/C
    SLICE_X0Y67          FDCE (Prop_fdce_C_Q)         0.195     0.195 r  pipe_u/fetch_pc_reg[9]/Q
                         net (fo=2, routed)           0.191     0.386    pipe_u/execute/pc_out[7]
    SLICE_X0Y67          CARRY4 (Prop_carry4_S[0]_O[0])
                                                      0.115     0.501 r  pipe_u/execute/fetch_pc_reg[12]_i_1/O[0]
                         net (fo=1, routed)           0.000     0.501    pipe_u/next_pc[9]
    SLICE_X0Y67          FDCE                                         r  pipe_u/fetch_pc_reg[9]/D
  -------------------------------------------------------------------    -------------------

Slack:                    inf
  Source:                 pipe_u/fetch_pc_reg[2]/C
                            (rising edge-triggered cell FDCE)
  Destination:            pipe_u/fetch_pc_reg[6]/D
  Path Group:             (none)
  Path Type:              Min at Fast Process Corner
  Data Path Delay:        0.515ns  (logic 0.432ns (83.852%)  route 0.083ns (16.148%))
  Logic Levels:           3  (CARRY4=2 FDCE=1)

    Location             Delay type                Incr(ns)  Path(ns)    Netlist Resource(s)
  -------------------------------------------------------------------    -------------------
    SLICE_X0Y65          FDCE                         0.000     0.000 r  pipe_u/fetch_pc_reg[2]/C
    SLICE_X0Y65          FDCE (Prop_fdce_C_Q)         0.195     0.195 r  pipe_u/fetch_pc_reg[2]/Q
                         net (fo=3, routed)           0.083     0.278    pipe_u/execute/pc_out[0]
    SLICE_X0Y65          CARRY4 (Prop_carry4_DI[1]_CO[3])
                                                      0.147     0.425 r  pipe_u/execute/fetch_pc_reg[4]_i_1/CO[3]
                         net (fo=1, routed)           0.000     0.425    pipe_u/execute/fetch_pc_reg[4]_i_1_n_0
    SLICE_X0Y66          CARRY4 (Prop_carry4_CI_O[1])
                                                      0.090     0.515 r  pipe_u/execute/fetch_pc_reg[8]_i_1/O[1]
                         net (fo=1, routed)           0.000     0.515    pipe_u/next_pc[6]
    SLICE_X0Y66          FDCE                                         r  pipe_u/fetch_pc_reg[6]/D
  -------------------------------------------------------------------    -------------------

Slack:                    inf
  Source:                 pipe_u/fetch_pc_reg[2]/C
                            (rising edge-triggered cell FDCE)
  Destination:            pipe_u/fetch_pc_reg[11]/D
  Path Group:             (none)
  Path Type:              Min at Fast Process Corner
  Data Path Delay:        0.529ns  (logic 0.446ns (84.279%)  route 0.083ns (15.721%))
  Logic Levels:           4  (CARRY4=3 FDCE=1)

    Location             Delay type                Incr(ns)  Path(ns)    Netlist Resource(s)
  -------------------------------------------------------------------    -------------------
    SLICE_X0Y65          FDCE                         0.000     0.000 r  pipe_u/fetch_pc_reg[2]/C
    SLICE_X0Y65          FDCE (Prop_fdce_C_Q)         0.195     0.195 r  pipe_u/fetch_pc_reg[2]/Q
                         net (fo=3, routed)           0.083     0.278    pipe_u/execute/pc_out[0]
    SLICE_X0Y65          CARRY4 (Prop_carry4_DI[1]_CO[3])
                                                      0.147     0.425 r  pipe_u/execute/fetch_pc_reg[4]_i_1/CO[3]
                         net (fo=1, routed)           0.000     0.425    pipe_u/execute/fetch_pc_reg[4]_i_1_n_0
    SLICE_X0Y66          CARRY4 (Prop_carry4_CI_CO[3])
                                                      0.039     0.464 r  pipe_u/execute/fetch_pc_reg[8]_i_1/CO[3]
                         net (fo=1, routed)           0.000     0.464    pipe_u/execute/fetch_pc_reg[8]_i_1_n_0
    SLICE_X0Y67          CARRY4 (Prop_carry4_CI_O[2])
                                                      0.065     0.529 r  pipe_u/execute/fetch_pc_reg[12]_i_1/O[2]
                         net (fo=1, routed)           0.000     0.529    pipe_u/next_pc[11]
    SLICE_X0Y67          FDCE                                         r  pipe_u/fetch_pc_reg[11]/D
  -------------------------------------------------------------------    -------------------





--------------------------------------------------------------------------------------
Path Group:  (none)
From Clock:  
  To Clock:  clk

Max Delay            27 Endpoints
Min Delay            27 Endpoints
--------------------------------------------------------------------------------------


Max Delay Paths
--------------------------------------------------------------------------------------
Slack:                    inf
  Source:                 reset
                            (input port)
  Destination:            clk_cnt_reg[10]/CLR
                            (recovery check against rising-edge clock clk  {rise@0.000ns fall@5.000ns period=10.000ns})
  Path Group:             (none)
  Path Type:              Recovery (Max at Slow Process Corner)
  Data Path Delay:        4.058ns  (logic 1.478ns (36.407%)  route 2.581ns (63.593%))
  Logic Levels:           1  (IBUF=1)
  Clock Path Skew:        5.017ns (DCD - SCD + CPR)
    Destination Clock Delay (DCD):    5.017ns
    Source Clock Delay      (SCD):    0.000ns
    Clock Pessimism Removal (CPR):    0.000ns
  Clock Uncertainty:      0.025ns  ((TSJ^2 + TIJ^2)^1/2 + DJ) / 2 + PE
    Total System Jitter     (TSJ):    0.050ns
    Total Input Jitter      (TIJ):    0.000ns
    Discrete Jitter          (DJ):    0.000ns
    Phase Error              (PE):    0.000ns

    Location             Delay type                Incr(ns)  Path(ns)    Netlist Resource(s)
  -------------------------------------------------------------------    -------------------
    J15                                               0.000     0.000 f  reset (IN)
                         net (fo=0)                   0.000     0.000    reset
    J15                  IBUF (Prop_ibuf_I_O)         1.478     1.478 f  reset_IBUF_inst/O
                         net (fo=28, routed)          2.581     4.058    reset_IBUF
    SLICE_X0Y69          FDCE                                         f  clk_cnt_reg[10]/CLR
  -------------------------------------------------------------------    -------------------

                         (clock clk rise edge)        0.000     0.000 r  
    E3                                                0.000     0.000 r  clk (IN)
                         net (fo=0)                   0.000     0.000    clk
    E3                   IBUF (Prop_ibuf_I_O)         1.411     1.411 r  clk_IBUF_inst/O
                         net (fo=1, routed)           1.920     3.331    clk_IBUF
    BUFGCTRL_X0Y16       BUFG (Prop_bufg_I_O)         0.091     3.422 r  clk_IBUF_BUFG_inst/O
                         net (fo=27, routed)          1.594     5.017    clk_IBUF_BUFG
    SLICE_X0Y69          FDCE                                         r  clk_cnt_reg[10]/C

Slack:                    inf
  Source:                 reset
                            (input port)
  Destination:            clk_cnt_reg[13]/CLR
                            (recovery check against rising-edge clock clk  {rise@0.000ns fall@5.000ns period=10.000ns})
  Path Group:             (none)
  Path Type:              Recovery (Max at Slow Process Corner)
  Data Path Delay:        4.058ns  (logic 1.478ns (36.407%)  route 2.581ns (63.593%))
  Logic Levels:           1  (IBUF=1)
  Clock Path Skew:        5.017ns (DCD - SCD + CPR)
    Destination Clock Delay (DCD):    5.017ns
    Source Clock Delay      (SCD):    0.000ns
    Clock Pessimism Removal (CPR):    0.000ns
  Clock Uncertainty:      0.025ns  ((TSJ^2 + TIJ^2)^1/2 + DJ) / 2 + PE
    Total System Jitter     (TSJ):    0.050ns
    Total Input Jitter      (TIJ):    0.000ns
    Discrete Jitter          (DJ):    0.000ns
    Phase Error              (PE):    0.000ns

    Location             Delay type                Incr(ns)  Path(ns)    Netlist Resource(s)
  -------------------------------------------------------------------    -------------------
    J15                                               0.000     0.000 f  reset (IN)
                         net (fo=0)                   0.000     0.000    reset
    J15                  IBUF (Prop_ibuf_I_O)         1.478     1.478 f  reset_IBUF_inst/O
                         net (fo=28, routed)          2.581     4.058    reset_IBUF
    SLICE_X0Y69          FDCE                                         f  clk_cnt_reg[13]/CLR
  -------------------------------------------------------------------    -------------------

                         (clock clk rise edge)        0.000     0.000 r  
    E3                                                0.000     0.000 r  clk (IN)
                         net (fo=0)                   0.000     0.000    clk
    E3                   IBUF (Prop_ibuf_I_O)         1.411     1.411 r  clk_IBUF_inst/O
                         net (fo=1, routed)           1.920     3.331    clk_IBUF
    BUFGCTRL_X0Y16       BUFG (Prop_bufg_I_O)         0.091     3.422 r  clk_IBUF_BUFG_inst/O
                         net (fo=27, routed)          1.594     5.017    clk_IBUF_BUFG
    SLICE_X0Y69          FDCE                                         r  clk_cnt_reg[13]/C

Slack:                    inf
  Source:                 reset
                            (input port)
  Destination:            clk_cnt_reg[14]/CLR
                            (recovery check against rising-edge clock clk  {rise@0.000ns fall@5.000ns period=10.000ns})
  Path Group:             (none)
  Path Type:              Recovery (Max at Slow Process Corner)
  Data Path Delay:        4.058ns  (logic 1.478ns (36.407%)  route 2.581ns (63.593%))
  Logic Levels:           1  (IBUF=1)
  Clock Path Skew:        5.017ns (DCD - SCD + CPR)
    Destination Clock Delay (DCD):    5.017ns
    Source Clock Delay      (SCD):    0.000ns
    Clock Pessimism Removal (CPR):    0.000ns
  Clock Uncertainty:      0.025ns  ((TSJ^2 + TIJ^2)^1/2 + DJ) / 2 + PE
    Total System Jitter     (TSJ):    0.050ns
    Total Input Jitter      (TIJ):    0.000ns
    Discrete Jitter          (DJ):    0.000ns
    Phase Error              (PE):    0.000ns

    Location             Delay type                Incr(ns)  Path(ns)    Netlist Resource(s)
  -------------------------------------------------------------------    -------------------
    J15                                               0.000     0.000 f  reset (IN)
                         net (fo=0)                   0.000     0.000    reset
    J15                  IBUF (Prop_ibuf_I_O)         1.478     1.478 f  reset_IBUF_inst/O
                         net (fo=28, routed)          2.581     4.058    reset_IBUF
    SLICE_X0Y69          FDCE                                         f  clk_cnt_reg[14]/CLR
  -------------------------------------------------------------------    -------------------

                         (clock clk rise edge)        0.000     0.000 r  
    E3                                                0.000     0.000 r  clk (IN)
                         net (fo=0)                   0.000     0.000    clk
    E3                   IBUF (Prop_ibuf_I_O)         1.411     1.411 r  clk_IBUF_inst/O
                         net (fo=1, routed)           1.920     3.331    clk_IBUF
    BUFGCTRL_X0Y16       BUFG (Prop_bufg_I_O)         0.091     3.422 r  clk_IBUF_BUFG_inst/O
                         net (fo=27, routed)          1.594     5.017    clk_IBUF_BUFG
    SLICE_X0Y69          FDCE                                         r  clk_cnt_reg[14]/C

Slack:                    inf
  Source:                 reset
                            (input port)
  Destination:            clk_cnt_reg[15]/CLR
                            (recovery check against rising-edge clock clk  {rise@0.000ns fall@5.000ns period=10.000ns})
  Path Group:             (none)
  Path Type:              Recovery (Max at Slow Process Corner)
  Data Path Delay:        4.058ns  (logic 1.478ns (36.407%)  route 2.581ns (63.593%))
  Logic Levels:           1  (IBUF=1)
  Clock Path Skew:        5.017ns (DCD - SCD + CPR)
    Destination Clock Delay (DCD):    5.017ns
    Source Clock Delay      (SCD):    0.000ns
    Clock Pessimism Removal (CPR):    0.000ns
  Clock Uncertainty:      0.025ns  ((TSJ^2 + TIJ^2)^1/2 + DJ) / 2 + PE
    Total System Jitter     (TSJ):    0.050ns
    Total Input Jitter      (TIJ):    0.000ns
    Discrete Jitter          (DJ):    0.000ns
    Phase Error              (PE):    0.000ns

    Location             Delay type                Incr(ns)  Path(ns)    Netlist Resource(s)
  -------------------------------------------------------------------    -------------------
    J15                                               0.000     0.000 f  reset (IN)
                         net (fo=0)                   0.000     0.000    reset
    J15                  IBUF (Prop_ibuf_I_O)         1.478     1.478 f  reset_IBUF_inst/O
                         net (fo=28, routed)          2.581     4.058    reset_IBUF
    SLICE_X0Y69          FDCE                                         f  clk_cnt_reg[15]/CLR
  -------------------------------------------------------------------    -------------------

                         (clock clk rise edge)        0.000     0.000 r  
    E3                                                0.000     0.000 r  clk (IN)
                         net (fo=0)                   0.000     0.000    clk
    E3                   IBUF (Prop_ibuf_I_O)         1.411     1.411 r  clk_IBUF_inst/O
                         net (fo=1, routed)           1.920     3.331    clk_IBUF
    BUFGCTRL_X0Y16       BUFG (Prop_bufg_I_O)         0.091     3.422 r  clk_IBUF_BUFG_inst/O
                         net (fo=27, routed)          1.594     5.017    clk_IBUF_BUFG
    SLICE_X0Y69          FDCE                                         r  clk_cnt_reg[15]/C

Slack:                    inf
  Source:                 reset
                            (input port)
  Destination:            clk_cnt_reg[16]/CLR
                            (recovery check against rising-edge clock clk  {rise@0.000ns fall@5.000ns period=10.000ns})
  Path Group:             (none)
  Path Type:              Recovery (Max at Slow Process Corner)
  Data Path Delay:        4.058ns  (logic 1.478ns (36.407%)  route 2.581ns (63.593%))
  Logic Levels:           1  (IBUF=1)
  Clock Path Skew:        5.017ns (DCD - SCD + CPR)
    Destination Clock Delay (DCD):    5.017ns
    Source Clock Delay      (SCD):    0.000ns
    Clock Pessimism Removal (CPR):    0.000ns
  Clock Uncertainty:      0.025ns  ((TSJ^2 + TIJ^2)^1/2 + DJ) / 2 + PE
    Total System Jitter     (TSJ):    0.050ns
    Total Input Jitter      (TIJ):    0.000ns
    Discrete Jitter          (DJ):    0.000ns
    Phase Error              (PE):    0.000ns

    Location             Delay type                Incr(ns)  Path(ns)    Netlist Resource(s)
  -------------------------------------------------------------------    -------------------
    J15                                               0.000     0.000 f  reset (IN)
                         net (fo=0)                   0.000     0.000    reset
    J15                  IBUF (Prop_ibuf_I_O)         1.478     1.478 f  reset_IBUF_inst/O
                         net (fo=28, routed)          2.581     4.058    reset_IBUF
    SLICE_X0Y69          FDCE                                         f  clk_cnt_reg[16]/CLR
  -------------------------------------------------------------------    -------------------

                         (clock clk rise edge)        0.000     0.000 r  
    E3                                                0.000     0.000 r  clk (IN)
                         net (fo=0)                   0.000     0.000    clk
    E3                   IBUF (Prop_ibuf_I_O)         1.411     1.411 r  clk_IBUF_inst/O
                         net (fo=1, routed)           1.920     3.331    clk_IBUF
    BUFGCTRL_X0Y16       BUFG (Prop_bufg_I_O)         0.091     3.422 r  clk_IBUF_BUFG_inst/O
                         net (fo=27, routed)          1.594     5.017    clk_IBUF_BUFG
    SLICE_X0Y69          FDCE                                         r  clk_cnt_reg[16]/C

Slack:                    inf
  Source:                 reset
                            (input port)
  Destination:            clk_cnt_reg[17]/CLR
                            (recovery check against rising-edge clock clk  {rise@0.000ns fall@5.000ns period=10.000ns})
  Path Group:             (none)
  Path Type:              Recovery (Max at Slow Process Corner)
  Data Path Delay:        4.058ns  (logic 1.478ns (36.407%)  route 2.581ns (63.593%))
  Logic Levels:           1  (IBUF=1)
  Clock Path Skew:        5.017ns (DCD - SCD + CPR)
    Destination Clock Delay (DCD):    5.017ns
    Source Clock Delay      (SCD):    0.000ns
    Clock Pessimism Removal (CPR):    0.000ns
  Clock Uncertainty:      0.025ns  ((TSJ^2 + TIJ^2)^1/2 + DJ) / 2 + PE
    Total System Jitter     (TSJ):    0.050ns
    Total Input Jitter      (TIJ):    0.000ns
    Discrete Jitter          (DJ):    0.000ns
    Phase Error              (PE):    0.000ns

    Location             Delay type                Incr(ns)  Path(ns)    Netlist Resource(s)
  -------------------------------------------------------------------    -------------------
    J15                                               0.000     0.000 f  reset (IN)
                         net (fo=0)                   0.000     0.000    reset
    J15                  IBUF (Prop_ibuf_I_O)         1.478     1.478 f  reset_IBUF_inst/O
                         net (fo=28, routed)          2.581     4.058    reset_IBUF
    SLICE_X0Y69          FDCE                                         f  clk_cnt_reg[17]/CLR
  -------------------------------------------------------------------    -------------------

                         (clock clk rise edge)        0.000     0.000 r  
    E3                                                0.000     0.000 r  clk (IN)
                         net (fo=0)                   0.000     0.000    clk
    E3                   IBUF (Prop_ibuf_I_O)         1.411     1.411 r  clk_IBUF_inst/O
                         net (fo=1, routed)           1.920     3.331    clk_IBUF
    BUFGCTRL_X0Y16       BUFG (Prop_bufg_I_O)         0.091     3.422 r  clk_IBUF_BUFG_inst/O
                         net (fo=27, routed)          1.594     5.017    clk_IBUF_BUFG
    SLICE_X0Y69          FDCE                                         r  clk_cnt_reg[17]/C

Slack:                    inf
  Source:                 reset
                            (input port)
  Destination:            clk_cnt_reg[1]/CLR
                            (recovery check against rising-edge clock clk  {rise@0.000ns fall@5.000ns period=10.000ns})
  Path Group:             (none)
  Path Type:              Recovery (Max at Slow Process Corner)
  Data Path Delay:        4.057ns  (logic 1.478ns (36.418%)  route 2.580ns (63.582%))
  Logic Levels:           1  (IBUF=1)
  Clock Path Skew:        5.020ns (DCD - SCD + CPR)
    Destination Clock Delay (DCD):    5.020ns
    Source Clock Delay      (SCD):    0.000ns
    Clock Pessimism Removal (CPR):    0.000ns
  Clock Uncertainty:      0.025ns  ((TSJ^2 + TIJ^2)^1/2 + DJ) / 2 + PE
    Total System Jitter     (TSJ):    0.050ns
    Total Input Jitter      (TIJ):    0.000ns
    Discrete Jitter          (DJ):    0.000ns
    Phase Error              (PE):    0.000ns

    Location             Delay type                Incr(ns)  Path(ns)    Netlist Resource(s)
  -------------------------------------------------------------------    -------------------
    J15                                               0.000     0.000 f  reset (IN)
                         net (fo=0)                   0.000     0.000    reset
    J15                  IBUF (Prop_ibuf_I_O)         1.478     1.478 f  reset_IBUF_inst/O
                         net (fo=28, routed)          2.580     4.057    reset_IBUF
    SLICE_X3Y67          FDCE                                         f  clk_cnt_reg[1]/CLR
  -------------------------------------------------------------------    -------------------

                         (clock clk rise edge)        0.000     0.000 r  
    E3                                                0.000     0.000 r  clk (IN)
                         net (fo=0)                   0.000     0.000    clk
    E3                   IBUF (Prop_ibuf_I_O)         1.411     1.411 r  clk_IBUF_inst/O
                         net (fo=1, routed)           1.920     3.331    clk_IBUF
    BUFGCTRL_X0Y16       BUFG (Prop_bufg_I_O)         0.091     3.422 r  clk_IBUF_BUFG_inst/O
                         net (fo=27, routed)          1.597     5.020    clk_IBUF_BUFG
    SLICE_X3Y67          FDCE                                         r  clk_cnt_reg[1]/C

Slack:                    inf
  Source:                 reset
                            (input port)
  Destination:            clk_cnt_reg[2]/CLR
                            (recovery check against rising-edge clock clk  {rise@0.000ns fall@5.000ns period=10.000ns})
  Path Group:             (none)
  Path Type:              Recovery (Max at Slow Process Corner)
  Data Path Delay:        4.057ns  (logic 1.478ns (36.418%)  route 2.580ns (63.582%))
  Logic Levels:           1  (IBUF=1)
  Clock Path Skew:        5.020ns (DCD - SCD + CPR)
    Destination Clock Delay (DCD):    5.020ns
    Source Clock Delay      (SCD):    0.000ns
    Clock Pessimism Removal (CPR):    0.000ns
  Clock Uncertainty:      0.025ns  ((TSJ^2 + TIJ^2)^1/2 + DJ) / 2 + PE
    Total System Jitter     (TSJ):    0.050ns
    Total Input Jitter      (TIJ):    0.000ns
    Discrete Jitter          (DJ):    0.000ns
    Phase Error              (PE):    0.000ns

    Location             Delay type                Incr(ns)  Path(ns)    Netlist Resource(s)
  -------------------------------------------------------------------    -------------------
    J15                                               0.000     0.000 f  reset (IN)
                         net (fo=0)                   0.000     0.000    reset
    J15                  IBUF (Prop_ibuf_I_O)         1.478     1.478 f  reset_IBUF_inst/O
                         net (fo=28, routed)          2.580     4.057    reset_IBUF
    SLICE_X2Y67          FDCE                                         f  clk_cnt_reg[2]/CLR
  -------------------------------------------------------------------    -------------------

                         (clock clk rise edge)        0.000     0.000 r  
    E3                                                0.000     0.000 r  clk (IN)
                         net (fo=0)                   0.000     0.000    clk
    E3                   IBUF (Prop_ibuf_I_O)         1.411     1.411 r  clk_IBUF_inst/O
                         net (fo=1, routed)           1.920     3.331    clk_IBUF
    BUFGCTRL_X0Y16       BUFG (Prop_bufg_I_O)         0.091     3.422 r  clk_IBUF_BUFG_inst/O
                         net (fo=27, routed)          1.597     5.020    clk_IBUF_BUFG
    SLICE_X2Y67          FDCE                                         r  clk_cnt_reg[2]/C

Slack:                    inf
  Source:                 reset
                            (input port)
  Destination:            clk_cnt_reg[3]/CLR
                            (recovery check against rising-edge clock clk  {rise@0.000ns fall@5.000ns period=10.000ns})
  Path Group:             (none)
  Path Type:              Recovery (Max at Slow Process Corner)
  Data Path Delay:        4.057ns  (logic 1.478ns (36.418%)  route 2.580ns (63.582%))
  Logic Levels:           1  (IBUF=1)
  Clock Path Skew:        5.020ns (DCD - SCD + CPR)
    Destination Clock Delay (DCD):    5.020ns
    Source Clock Delay      (SCD):    0.000ns
    Clock Pessimism Removal (CPR):    0.000ns
  Clock Uncertainty:      0.025ns  ((TSJ^2 + TIJ^2)^1/2 + DJ) / 2 + PE
    Total System Jitter     (TSJ):    0.050ns
    Total Input Jitter      (TIJ):    0.000ns
    Discrete Jitter          (DJ):    0.000ns
    Phase Error              (PE):    0.000ns

    Location             Delay type                Incr(ns)  Path(ns)    Netlist Resource(s)
  -------------------------------------------------------------------    -------------------
    J15                                               0.000     0.000 f  reset (IN)
                         net (fo=0)                   0.000     0.000    reset
    J15                  IBUF (Prop_ibuf_I_O)         1.478     1.478 f  reset_IBUF_inst/O
                         net (fo=28, routed)          2.580     4.057    reset_IBUF
    SLICE_X2Y67          FDCE                                         f  clk_cnt_reg[3]/CLR
  -------------------------------------------------------------------    -------------------

                         (clock clk rise edge)        0.000     0.000 r  
    E3                                                0.000     0.000 r  clk (IN)
                         net (fo=0)                   0.000     0.000    clk
    E3                   IBUF (Prop_ibuf_I_O)         1.411     1.411 r  clk_IBUF_inst/O
                         net (fo=1, routed)           1.920     3.331    clk_IBUF
    BUFGCTRL_X0Y16       BUFG (Prop_bufg_I_O)         0.091     3.422 r  clk_IBUF_BUFG_inst/O
                         net (fo=27, routed)          1.597     5.020    clk_IBUF_BUFG
    SLICE_X2Y67          FDCE                                         r  clk_cnt_reg[3]/C

Slack:                    inf
  Source:                 reset
                            (input port)
  Destination:            clk_cnt_reg[4]/CLR
                            (recovery check against rising-edge clock clk  {rise@0.000ns fall@5.000ns period=10.000ns})
  Path Group:             (none)
  Path Type:              Recovery (Max at Slow Process Corner)
  Data Path Delay:        4.057ns  (logic 1.478ns (36.418%)  route 2.580ns (63.582%))
  Logic Levels:           1  (IBUF=1)
  Clock Path Skew:        5.020ns (DCD - SCD + CPR)
    Destination Clock Delay (DCD):    5.020ns
    Source Clock Delay      (SCD):    0.000ns
    Clock Pessimism Removal (CPR):    0.000ns
  Clock Uncertainty:      0.025ns  ((TSJ^2 + TIJ^2)^1/2 + DJ) / 2 + PE
    Total System Jitter     (TSJ):    0.050ns
    Total Input Jitter      (TIJ):    0.000ns
    Discrete Jitter          (DJ):    0.000ns
    Phase Error              (PE):    0.000ns

    Location             Delay type                Incr(ns)  Path(ns)    Netlist Resource(s)
  -------------------------------------------------------------------    -------------------
    J15                                               0.000     0.000 f  reset (IN)
                         net (fo=0)                   0.000     0.000    reset
    J15                  IBUF (Prop_ibuf_I_O)         1.478     1.478 f  reset_IBUF_inst/O
                         net (fo=28, routed)          2.580     4.057    reset_IBUF
    SLICE_X2Y67          FDCE                                         f  clk_cnt_reg[4]/CLR
  -------------------------------------------------------------------    -------------------

                         (clock clk rise edge)        0.000     0.000 r  
    E3                                                0.000     0.000 r  clk (IN)
                         net (fo=0)                   0.000     0.000    clk
    E3                   IBUF (Prop_ibuf_I_O)         1.411     1.411 r  clk_IBUF_inst/O
                         net (fo=1, routed)           1.920     3.331    clk_IBUF
    BUFGCTRL_X0Y16       BUFG (Prop_bufg_I_O)         0.091     3.422 r  clk_IBUF_BUFG_inst/O
                         net (fo=27, routed)          1.597     5.020    clk_IBUF_BUFG
    SLICE_X2Y67          FDCE                                         r  clk_cnt_reg[4]/C





Min Delay Paths
--------------------------------------------------------------------------------------
Slack:                    inf
  Source:                 reset
                            (input port)
  Destination:            clk_cnt_reg[22]/CLR
                            (removal check against rising-edge clock clk  {rise@0.000ns fall@5.000ns period=10.000ns})
  Path Group:             (none)
  Path Type:              Removal (Min at Fast Process Corner)
  Data Path Delay:        1.065ns  (logic 0.245ns (23.048%)  route 0.819ns (76.952%))
  Logic Levels:           1  (IBUF=1)
  Clock Path Skew:        2.030ns (DCD - SCD - CPR)
    Destination Clock Delay (DCD):    2.030ns
    Source Clock Delay      (SCD):    0.000ns
    Clock Pessimism Removal (CPR):    -0.000ns

    Location             Delay type                Incr(ns)  Path(ns)    Netlist Resource(s)
  -------------------------------------------------------------------    -------------------
    J15                                               0.000     0.000 f  reset (IN)
                         net (fo=0)                   0.000     0.000    reset
    J15                  IBUF (Prop_ibuf_I_O)         0.245     0.245 f  reset_IBUF_inst/O
                         net (fo=28, routed)          0.819     1.065    reset_IBUF
    SLICE_X0Y71          FDCE                                         f  clk_cnt_reg[22]/CLR
  -------------------------------------------------------------------    -------------------

                         (clock clk rise edge)        0.000     0.000 r  
    E3                                                0.000     0.000 r  clk (IN)
                         net (fo=0)                   0.000     0.000    clk
    E3                   IBUF (Prop_ibuf_I_O)         0.438     0.438 r  clk_IBUF_inst/O
                         net (fo=1, routed)           0.699     1.136    clk_IBUF
    BUFGCTRL_X0Y16       BUFG (Prop_bufg_I_O)         0.029     1.165 r  clk_IBUF_BUFG_inst/O
                         net (fo=27, routed)          0.865     2.030    clk_IBUF_BUFG
    SLICE_X0Y71          FDCE                                         r  clk_cnt_reg[22]/C

Slack:                    inf
  Source:                 reset
                            (input port)
  Destination:            clk_cnt_reg[23]/CLR
                            (removal check against rising-edge clock clk  {rise@0.000ns fall@5.000ns period=10.000ns})
  Path Group:             (none)
  Path Type:              Removal (Min at Fast Process Corner)
  Data Path Delay:        1.065ns  (logic 0.245ns (23.048%)  route 0.819ns (76.952%))
  Logic Levels:           1  (IBUF=1)
  Clock Path Skew:        2.030ns (DCD - SCD - CPR)
    Destination Clock Delay (DCD):    2.030ns
    Source Clock Delay      (SCD):    0.000ns
    Clock Pessimism Removal (CPR):    -0.000ns

    Location             Delay type                Incr(ns)  Path(ns)    Netlist Resource(s)
  -------------------------------------------------------------------    -------------------
    J15                                               0.000     0.000 f  reset (IN)
                         net (fo=0)                   0.000     0.000    reset
    J15                  IBUF (Prop_ibuf_I_O)         0.245     0.245 f  reset_IBUF_inst/O
                         net (fo=28, routed)          0.819     1.065    reset_IBUF
    SLICE_X0Y71          FDCE                                         f  clk_cnt_reg[23]/CLR
  -------------------------------------------------------------------    -------------------

                         (clock clk rise edge)        0.000     0.000 r  
    E3                                                0.000     0.000 r  clk (IN)
                         net (fo=0)                   0.000     0.000    clk
    E3                   IBUF (Prop_ibuf_I_O)         0.438     0.438 r  clk_IBUF_inst/O
                         net (fo=1, routed)           0.699     1.136    clk_IBUF
    BUFGCTRL_X0Y16       BUFG (Prop_bufg_I_O)         0.029     1.165 r  clk_IBUF_BUFG_inst/O
                         net (fo=27, routed)          0.865     2.030    clk_IBUF_BUFG
    SLICE_X0Y71          FDCE                                         r  clk_cnt_reg[23]/C

Slack:                    inf
  Source:                 reset
                            (input port)
  Destination:            clk_cnt_reg[24]/CLR
                            (removal check against rising-edge clock clk  {rise@0.000ns fall@5.000ns period=10.000ns})
  Path Group:             (none)
  Path Type:              Removal (Min at Fast Process Corner)
  Data Path Delay:        1.065ns  (logic 0.245ns (23.048%)  route 0.819ns (76.952%))
  Logic Levels:           1  (IBUF=1)
  Clock Path Skew:        2.030ns (DCD - SCD - CPR)
    Destination Clock Delay (DCD):    2.030ns
    Source Clock Delay      (SCD):    0.000ns
    Clock Pessimism Removal (CPR):    -0.000ns

    Location             Delay type                Incr(ns)  Path(ns)    Netlist Resource(s)
  -------------------------------------------------------------------    -------------------
    J15                                               0.000     0.000 f  reset (IN)
                         net (fo=0)                   0.000     0.000    reset
    J15                  IBUF (Prop_ibuf_I_O)         0.245     0.245 f  reset_IBUF_inst/O
                         net (fo=28, routed)          0.819     1.065    reset_IBUF
    SLICE_X0Y71          FDCE                                         f  clk_cnt_reg[24]/CLR
  -------------------------------------------------------------------    -------------------

                         (clock clk rise edge)        0.000     0.000 r  
    E3                                                0.000     0.000 r  clk (IN)
                         net (fo=0)                   0.000     0.000    clk
    E3                   IBUF (Prop_ibuf_I_O)         0.438     0.438 r  clk_IBUF_inst/O
                         net (fo=1, routed)           0.699     1.136    clk_IBUF
    BUFGCTRL_X0Y16       BUFG (Prop_bufg_I_O)         0.029     1.165 r  clk_IBUF_BUFG_inst/O
                         net (fo=27, routed)          0.865     2.030    clk_IBUF_BUFG
    SLICE_X0Y71          FDCE                                         r  clk_cnt_reg[24]/C

Slack:                    inf
  Source:                 reset
                            (input port)
  Destination:            clk_cnt_reg[25]/CLR
                            (removal check against rising-edge clock clk  {rise@0.000ns fall@5.000ns period=10.000ns})
  Path Group:             (none)
  Path Type:              Removal (Min at Fast Process Corner)
  Data Path Delay:        1.065ns  (logic 0.245ns (23.048%)  route 0.819ns (76.952%))
  Logic Levels:           1  (IBUF=1)
  Clock Path Skew:        2.030ns (DCD - SCD - CPR)
    Destination Clock Delay (DCD):    2.030ns
    Source Clock Delay      (SCD):    0.000ns
    Clock Pessimism Removal (CPR):    -0.000ns

    Location             Delay type                Incr(ns)  Path(ns)    Netlist Resource(s)
  -------------------------------------------------------------------    -------------------
    J15                                               0.000     0.000 f  reset (IN)
                         net (fo=0)                   0.000     0.000    reset
    J15                  IBUF (Prop_ibuf_I_O)         0.245     0.245 f  reset_IBUF_inst/O
                         net (fo=28, routed)          0.819     1.065    reset_IBUF
    SLICE_X0Y71          FDCE                                         f  clk_cnt_reg[25]/CLR
  -------------------------------------------------------------------    -------------------

                         (clock clk rise edge)        0.000     0.000 r  
    E3                                                0.000     0.000 r  clk (IN)
                         net (fo=0)                   0.000     0.000    clk
    E3                   IBUF (Prop_ibuf_I_O)         0.438     0.438 r  clk_IBUF_inst/O
                         net (fo=1, routed)           0.699     1.136    clk_IBUF
    BUFGCTRL_X0Y16       BUFG (Prop_bufg_I_O)         0.029     1.165 r  clk_IBUF_BUFG_inst/O
                         net (fo=27, routed)          0.865     2.030    clk_IBUF_BUFG
    SLICE_X0Y71          FDCE                                         r  clk_cnt_reg[25]/C

Slack:                    inf
  Source:                 reset
                            (input port)
  Destination:            clk_cnt_reg[0]/CLR
                            (removal check against rising-edge clock clk  {rise@0.000ns fall@5.000ns period=10.000ns})
  Path Group:             (none)
  Path Type:              Removal (Min at Fast Process Corner)
  Data Path Delay:        1.129ns  (logic 0.245ns (21.746%)  route 0.883ns (78.254%))
  Logic Levels:           1  (IBUF=1)
  Clock Path Skew:        2.031ns (DCD - SCD - CPR)
    Destination Clock Delay (DCD):    2.031ns
    Source Clock Delay      (SCD):    0.000ns
    Clock Pessimism Removal (CPR):    -0.000ns

    Location             Delay type                Incr(ns)  Path(ns)    Netlist Resource(s)
  -------------------------------------------------------------------    -------------------
    J15                                               0.000     0.000 f  reset (IN)
                         net (fo=0)                   0.000     0.000    reset
    J15                  IBUF (Prop_ibuf_I_O)         0.245     0.245 f  reset_IBUF_inst/O
                         net (fo=28, routed)          0.883     1.129    reset_IBUF
    SLICE_X0Y70          FDCE                                         f  clk_cnt_reg[0]/CLR
  -------------------------------------------------------------------    -------------------

                         (clock clk rise edge)        0.000     0.000 r  
    E3                                                0.000     0.000 r  clk (IN)
                         net (fo=0)                   0.000     0.000    clk
    E3                   IBUF (Prop_ibuf_I_O)         0.438     0.438 r  clk_IBUF_inst/O
                         net (fo=1, routed)           0.699     1.136    clk_IBUF
    BUFGCTRL_X0Y16       BUFG (Prop_bufg_I_O)         0.029     1.165 r  clk_IBUF_BUFG_inst/O
                         net (fo=27, routed)          0.866     2.031    clk_IBUF_BUFG
    SLICE_X0Y70          FDCE                                         r  clk_cnt_reg[0]/C

Slack:                    inf
  Source:                 reset
                            (input port)
  Destination:            clk_cnt_reg[18]/CLR
                            (removal check against rising-edge clock clk  {rise@0.000ns fall@5.000ns period=10.000ns})
  Path Group:             (none)
  Path Type:              Removal (Min at Fast Process Corner)
  Data Path Delay:        1.129ns  (logic 0.245ns (21.746%)  route 0.883ns (78.254%))
  Logic Levels:           1  (IBUF=1)
  Clock Path Skew:        2.031ns (DCD - SCD - CPR)
    Destination Clock Delay (DCD):    2.031ns
    Source Clock Delay      (SCD):    0.000ns
    Clock Pessimism Removal (CPR):    -0.000ns

    Location             Delay type                Incr(ns)  Path(ns)    Netlist Resource(s)
  -------------------------------------------------------------------    -------------------
    J15                                               0.000     0.000 f  reset (IN)
                         net (fo=0)                   0.000     0.000    reset
    J15                  IBUF (Prop_ibuf_I_O)         0.245     0.245 f  reset_IBUF_inst/O
                         net (fo=28, routed)          0.883     1.129    reset_IBUF
    SLICE_X0Y70          FDCE                                         f  clk_cnt_reg[18]/CLR
  -------------------------------------------------------------------    -------------------

                         (clock clk rise edge)        0.000     0.000 r  
    E3                                                0.000     0.000 r  clk (IN)
                         net (fo=0)                   0.000     0.000    clk
    E3                   IBUF (Prop_ibuf_I_O)         0.438     0.438 r  clk_IBUF_inst/O
                         net (fo=1, routed)           0.699     1.136    clk_IBUF
    BUFGCTRL_X0Y16       BUFG (Prop_bufg_I_O)         0.029     1.165 r  clk_IBUF_BUFG_inst/O
                         net (fo=27, routed)          0.866     2.031    clk_IBUF_BUFG
    SLICE_X0Y70          FDCE                                         r  clk_cnt_reg[18]/C

Slack:                    inf
  Source:                 reset
                            (input port)
  Destination:            clk_cnt_reg[19]/CLR
                            (removal check against rising-edge clock clk  {rise@0.000ns fall@5.000ns period=10.000ns})
  Path Group:             (none)
  Path Type:              Removal (Min at Fast Process Corner)
  Data Path Delay:        1.129ns  (logic 0.245ns (21.746%)  route 0.883ns (78.254%))
  Logic Levels:           1  (IBUF=1)
  Clock Path Skew:        2.031ns (DCD - SCD - CPR)
    Destination Clock Delay (DCD):    2.031ns
    Source Clock Delay      (SCD):    0.000ns
    Clock Pessimism Removal (CPR):    -0.000ns

    Location             Delay type                Incr(ns)  Path(ns)    Netlist Resource(s)
  -------------------------------------------------------------------    -------------------
    J15                                               0.000     0.000 f  reset (IN)
                         net (fo=0)                   0.000     0.000    reset
    J15                  IBUF (Prop_ibuf_I_O)         0.245     0.245 f  reset_IBUF_inst/O
                         net (fo=28, routed)          0.883     1.129    reset_IBUF
    SLICE_X0Y70          FDCE                                         f  clk_cnt_reg[19]/CLR
  -------------------------------------------------------------------    -------------------

                         (clock clk rise edge)        0.000     0.000 r  
    E3                                                0.000     0.000 r  clk (IN)
                         net (fo=0)                   0.000     0.000    clk
    E3                   IBUF (Prop_ibuf_I_O)         0.438     0.438 r  clk_IBUF_inst/O
                         net (fo=1, routed)           0.699     1.136    clk_IBUF
    BUFGCTRL_X0Y16       BUFG (Prop_bufg_I_O)         0.029     1.165 r  clk_IBUF_BUFG_inst/O
                         net (fo=27, routed)          0.866     2.031    clk_IBUF_BUFG
    SLICE_X0Y70          FDCE                                         r  clk_cnt_reg[19]/C

Slack:                    inf
  Source:                 reset
                            (input port)
  Destination:            clk_cnt_reg[20]/CLR
                            (removal check against rising-edge clock clk  {rise@0.000ns fall@5.000ns period=10.000ns})
  Path Group:             (none)
  Path Type:              Removal (Min at Fast Process Corner)
  Data Path Delay:        1.129ns  (logic 0.245ns (21.746%)  route 0.883ns (78.254%))
  Logic Levels:           1  (IBUF=1)
  Clock Path Skew:        2.031ns (DCD - SCD - CPR)
    Destination Clock Delay (DCD):    2.031ns
    Source Clock Delay      (SCD):    0.000ns
    Clock Pessimism Removal (CPR):    -0.000ns

    Location             Delay type                Incr(ns)  Path(ns)    Netlist Resource(s)
  -------------------------------------------------------------------    -------------------
    J15                                               0.000     0.000 f  reset (IN)
                         net (fo=0)                   0.000     0.000    reset
    J15                  IBUF (Prop_ibuf_I_O)         0.245     0.245 f  reset_IBUF_inst/O
                         net (fo=28, routed)          0.883     1.129    reset_IBUF
    SLICE_X0Y70          FDCE                                         f  clk_cnt_reg[20]/CLR
  -------------------------------------------------------------------    -------------------

                         (clock clk rise edge)        0.000     0.000 r  
    E3                                                0.000     0.000 r  clk (IN)
                         net (fo=0)                   0.000     0.000    clk
    E3                   IBUF (Prop_ibuf_I_O)         0.438     0.438 r  clk_IBUF_inst/O
                         net (fo=1, routed)           0.699     1.136    clk_IBUF
    BUFGCTRL_X0Y16       BUFG (Prop_bufg_I_O)         0.029     1.165 r  clk_IBUF_BUFG_inst/O
                         net (fo=27, routed)          0.866     2.031    clk_IBUF_BUFG
    SLICE_X0Y70          FDCE                                         r  clk_cnt_reg[20]/C

Slack:                    inf
  Source:                 reset
                            (input port)
  Destination:            clk_cnt_reg[21]/CLR
                            (removal check against rising-edge clock clk  {rise@0.000ns fall@5.000ns period=10.000ns})
  Path Group:             (none)
  Path Type:              Removal (Min at Fast Process Corner)
  Data Path Delay:        1.129ns  (logic 0.245ns (21.746%)  route 0.883ns (78.254%))
  Logic Levels:           1  (IBUF=1)
  Clock Path Skew:        2.031ns (DCD - SCD - CPR)
    Destination Clock Delay (DCD):    2.031ns
    Source Clock Delay      (SCD):    0.000ns
    Clock Pessimism Removal (CPR):    -0.000ns

    Location             Delay type                Incr(ns)  Path(ns)    Netlist Resource(s)
  -------------------------------------------------------------------    -------------------
    J15                                               0.000     0.000 f  reset (IN)
                         net (fo=0)                   0.000     0.000    reset
    J15                  IBUF (Prop_ibuf_I_O)         0.245     0.245 f  reset_IBUF_inst/O
                         net (fo=28, routed)          0.883     1.129    reset_IBUF
    SLICE_X0Y70          FDCE                                         f  clk_cnt_reg[21]/CLR
  -------------------------------------------------------------------    -------------------

                         (clock clk rise edge)        0.000     0.000 r  
    E3                                                0.000     0.000 r  clk (IN)
                         net (fo=0)                   0.000     0.000    clk
    E3                   IBUF (Prop_ibuf_I_O)         0.438     0.438 r  clk_IBUF_inst/O
                         net (fo=1, routed)           0.699     1.136    clk_IBUF
    BUFGCTRL_X0Y16       BUFG (Prop_bufg_I_O)         0.029     1.165 r  clk_IBUF_BUFG_inst/O
                         net (fo=27, routed)          0.866     2.031    clk_IBUF_BUFG
    SLICE_X0Y70          FDCE                                         r  clk_cnt_reg[21]/C

Slack:                    inf
  Source:                 reset
                            (input port)
  Destination:            clk_cnt_reg[11]/CLR
                            (removal check against rising-edge clock clk  {rise@0.000ns fall@5.000ns period=10.000ns})
  Path Group:             (none)
  Path Type:              Removal (Min at Fast Process Corner)
  Data Path Delay:        1.253ns  (logic 0.245ns (19.590%)  route 1.007ns (80.410%))
  Logic Levels:           1  (IBUF=1)
  Clock Path Skew:        2.033ns (DCD - SCD - CPR)
    Destination Clock Delay (DCD):    2.033ns
    Source Clock Delay      (SCD):    0.000ns
    Clock Pessimism Removal (CPR):    -0.000ns

    Location             Delay type                Incr(ns)  Path(ns)    Netlist Resource(s)
  -------------------------------------------------------------------    -------------------
    J15                                               0.000     0.000 f  reset (IN)
                         net (fo=0)                   0.000     0.000    reset
    J15                  IBUF (Prop_ibuf_I_O)         0.245     0.245 f  reset_IBUF_inst/O
                         net (fo=28, routed)          1.007     1.253    reset_IBUF
    SLICE_X2Y68          FDCE                                         f  clk_cnt_reg[11]/CLR
  -------------------------------------------------------------------    -------------------

                         (clock clk rise edge)        0.000     0.000 r  
    E3                                                0.000     0.000 r  clk (IN)
                         net (fo=0)                   0.000     0.000    clk
    E3                   IBUF (Prop_ibuf_I_O)         0.438     0.438 r  clk_IBUF_inst/O
                         net (fo=1, routed)           0.699     1.136    clk_IBUF
    BUFGCTRL_X0Y16       BUFG (Prop_bufg_I_O)         0.029     1.165 r  clk_IBUF_BUFG_inst/O
                         net (fo=27, routed)          0.868     2.033    clk_IBUF_BUFG
    SLICE_X2Y68          FDCE                                         r  clk_cnt_reg[11]/C





